Vertices,Edges,Degrees,Iteration,Total Infected (inc. seed),New infected,New Recovered
500,502,2,1,8,3,3
500,502,2,2,9,1,1
500,502,2,3,10,1,1
500,502,2,4,12,2,1
500,502,2,5,15,3,0
500,502,2,6,15,0,0
500,502,2,7,17,2,1
500,502,2,8,19,2,5
500,502,2,9,19,0,1
500,502,2,10,22,3,1
500,502,2,11,22,0,1
500,502,2,12,24,2,3
500,502,2,13,25,1,1
500,502,2,14,25,0,2
500,502,2,15,28,3,1
500,502,2,16,28,0,1
500,502,2,17,31,3,1
500,502,2,18,34,3,3
500,502,2,19,37,3,4
500,502,2,20,37,0,3
500,502,2,21,38,1,0
500,502,2,22,38,0,2
500,502,2,23,39,1,0
500,502,2,24,39,0,1
500,502,2,25,40,1,0
500,502,2,26,41,1,0
500,502,2,27,41,0,1
500,502,2,28,42,1,0
500,502,2,29,43,1,1
500,502,2,30,44,1,1
500,502,2,31,44,0,1
500,502,2,32,45,1,1
500,502,2,33,45,0,1
500,502,2,34,45,0,0
500,502,2,35,45,0,0
500,502,2,36,45,0,0
500,502,2,37,45,0,0
500,502,2,38,45,0,1
500,502,2,39,45,0,0
500,502,2,40,45,0,0
500,502,2,41,45,0,1
500,502,2,42,45,0,0
500,502,2,43,45,0,0
500,502,2,44,45,0,0
500,502,2,45,45,0,0
500,502,2,46,45,0,0
500,502,2,47,45,0,0
500,502,2,48,45,0,0
500,502,2,49,45,0,0
500,502,2,50,45,0,0
500,502,2,1,6,1,2
500,502,2,2,6,0,1
500,502,2,3,9,3,1
500,502,2,4,11,2,2
500,502,2,5,12,1,2
500,502,2,6,13,1,3
500,502,2,7,13,0,2
500,502,2,8,13,0,0
500,502,2,9,13,0,0
500,502,2,10,13,0,0
500,502,2,11,13,0,0
500,502,2,12,13,0,0
500,502,2,13,13,0,0
500,502,2,14,13,0,0
500,502,2,15,13,0,0
500,502,2,16,13,0,0
500,502,2,1,6,1,3
500,502,2,2,6,0,1
500,502,2,3,6,0,2
500,502,2,4,6,0,0
500,502,2,5,6,0,0
500,502,2,6,6,0,0
500,502,2,7,6,0,0
500,502,2,8,6,0,0
500,502,2,9,6,0,0
500,502,2,10,6,0,0
500,502,2,11,6,0,0
500,502,2,12,6,0,0
500,502,2,1,8,3,1
500,502,2,2,16,8,4
500,502,2,3,24,8,1
500,502,2,4,36,12,8
500,502,2,5,49,13,7
500,502,2,6,64,15,11
500,502,2,7,83,19,13
500,502,2,8,102,19,9
500,502,2,9,118,16,14
500,502,2,10,133,15,9
500,502,2,11,150,17,11
500,502,2,12,176,26,18
500,502,2,13,201,25,11
500,502,2,14,231,30,22
500,502,2,15,250,19,23
500,502,2,16,267,17,26
500,502,2,17,282,15,24
500,502,2,18,292,10,15
500,502,2,19,299,7,16
500,502,2,20,304,5,8
500,502,2,21,311,7,15
500,502,2,22,316,5,11
500,502,2,23,318,2,16
500,502,2,24,322,4,8
500,502,2,25,324,2,4
500,502,2,26,326,2,3
500,502,2,27,327,1,6
500,502,2,28,330,3,4
500,502,2,29,331,1,2
500,502,2,30,332,1,3
500,502,2,31,333,1,4
500,502,2,32,335,2,2
500,502,2,33,336,1,2
500,502,2,34,338,2,1
500,502,2,35,340,2,0
500,502,2,36,340,0,2
500,502,2,37,340,0,2
500,502,2,38,340,0,2
500,502,2,39,340,0,1
500,502,2,40,340,0,0
500,502,2,41,340,0,0
500,502,2,42,340,0,1
500,502,2,43,340,0,0
500,502,2,44,340,0,0
500,502,2,45,340,0,0
500,502,2,46,340,0,0
500,502,2,47,340,0,0
500,502,2,48,340,0,0
500,502,2,49,340,0,0
500,502,2,50,340,0,0
500,502,2,51,340,0,0
500,502,2,1,9,4,2
500,502,2,2,12,3,3
500,502,2,3,18,6,4
500,502,2,4,22,4,5
500,502,2,5,24,2,6
500,502,2,6,29,5,3
500,502,2,7,36,7,3
500,502,2,8,49,13,5
500,502,2,9,69,20,10
500,502,2,10,91,22,16
500,502,2,11,111,20,15
500,502,2,12,129,18,23
500,502,2,13,146,17,20
500,502,2,14,161,15,17
500,502,2,15,175,14,18
500,502,2,16,189,14,12
500,502,2,17,196,7,13
500,502,2,18,206,10,11
500,502,2,19,211,5,10
500,502,2,20,214,3,11
500,502,2,21,217,3,5
500,502,2,22,218,1,2
500,502,2,23,219,1,2
500,502,2,24,219,0,2
500,502,2,25,219,0,0
500,502,2,26,220,1,1
500,502,2,27,222,2,0
500,502,2,28,225,3,2
500,502,2,29,228,3,2
500,502,2,30,229,1,4
500,502,2,31,230,1,0
500,502,2,32,230,0,2
500,502,2,33,230,0,0
500,502,2,34,230,0,0
500,502,2,35,230,0,0
500,502,2,36,230,0,1
500,502,2,37,230,0,0
500,502,2,38,230,0,0
500,502,2,39,230,0,0
500,502,2,40,230,0,0
500,502,2,41,230,0,0
500,502,2,42,230,0,0
500,502,2,43,230,0,0
500,502,2,44,230,0,0
500,502,2,45,230,0,0
500,502,2,1,8,3,2
500,502,2,2,13,5,4
500,502,2,3,17,4,6
500,502,2,4,22,5,4
500,502,2,5,27,5,4
500,502,2,6,32,5,5
500,502,2,7,35,3,6
500,502,2,8,38,3,4
500,502,2,9,39,1,3
500,502,2,10,39,0,1
500,502,2,11,39,0,0
500,502,2,12,39,0,0
500,502,2,13,39,0,0
500,502,2,14,39,0,0
500,502,2,15,39,0,0
500,502,2,16,39,0,0
500,502,2,17,39,0,0
500,502,2,18,39,0,0
500,502,2,19,39,0,0
500,502,2,1,11,6,1
500,502,2,2,26,15,4
500,502,2,3,54,28,8
500,502,2,4,95,41,13
500,502,2,5,146,51,17
500,502,2,6,202,56,19
500,502,2,7,246,44,36
500,502,2,8,289,43,37
500,502,2,9,331,42,36
500,502,2,10,355,24,33
500,502,2,11,368,13,41
500,502,2,12,374,6,29
500,502,2,13,376,2,24
500,502,2,14,377,1,20
500,502,2,15,378,1,13
500,502,2,16,378,0,15
500,502,2,17,378,0,5
500,502,2,18,378,0,9
500,502,2,19,378,0,3
500,502,2,20,378,0,2
500,502,2,21,378,0,3
500,502,2,22,378,0,3
500,502,2,23,378,0,2
500,502,2,24,378,0,2
500,502,2,25,378,0,1
500,502,2,26,378,0,0
500,502,2,27,378,0,0
500,502,2,28,378,0,1
500,502,2,29,378,0,1
500,502,2,30,378,0,0
500,502,2,31,378,0,0
500,502,2,32,378,0,0
500,502,2,33,378,0,0
500,502,2,34,378,0,0
500,502,2,35,378,0,0
500,502,2,36,378,0,0
500,502,2,37,378,0,0
500,502,2,38,378,0,0
500,502,2,1,16,11,5
500,502,2,2,36,20,7
500,502,2,3,71,35,15
500,502,2,4,115,44,21
500,502,2,5,164,49,28
500,502,2,6,218,54,47
500,502,2,7,258,40,50
500,502,2,8,288,30,42
500,502,2,9,310,22,34
500,502,2,10,332,22,34
500,502,2,11,339,7,27
500,502,2,12,349,10,17
500,502,2,13,353,4,8
500,502,2,14,356,3,10
500,502,2,15,356,0,6
500,502,2,16,358,2,4
500,502,2,17,360,2,2
500,502,2,18,362,2,0
500,502,2,19,362,0,3
500,502,2,20,362,0,2
500,502,2,21,362,0,0
500,502,2,22,362,0,0
500,502,2,23,362,0,0
500,502,2,24,362,0,0
500,502,2,25,362,0,0
500,502,2,26,362,0,0
500,502,2,27,362,0,0
500,502,2,28,362,0,0
500,502,2,29,362,0,0
500,502,2,1,14,9,4
500,502,2,2,28,14,7
500,502,2,3,45,17,14
500,502,2,4,59,14,15
500,502,2,5,79,20,16
500,502,2,6,111,32,18
500,502,2,7,150,39,27
500,502,2,8,183,33,37
500,502,2,9,224,41,38
500,502,2,10,258,34,41
500,502,2,11,286,28,32
500,502,2,12,302,16,29
500,502,2,13,307,5,14
500,502,2,14,310,3,13
500,502,2,15,313,3,3
500,502,2,16,313,0,4
500,502,2,17,313,0,1
500,502,2,18,313,0,0
500,502,2,19,313,0,0
500,502,2,20,313,0,0
500,502,2,21,313,0,0
500,502,2,22,313,0,0
500,502,2,23,313,0,0
500,502,2,24,313,0,0
500,502,2,25,313,0,0
500,502,2,26,313,0,0
500,1934,8,1,17,12,0
500,1934,8,2,39,22,5
500,1934,8,3,87,48,8
500,1934,8,4,183,96,22
500,1934,8,5,319,136,43
500,1934,8,6,421,102,67
500,1934,8,7,462,41,60
500,1934,8,8,471,9,56
500,1934,8,9,477,6,50
500,1934,8,10,483,6,42
500,1934,8,11,486,3,32
500,1934,8,12,487,1,23
500,1934,8,13,488,1,24
500,1934,8,14,489,1,15
500,1934,8,15,489,0,11
500,1934,8,16,489,0,7
500,1934,8,17,489,0,3
500,1934,8,18,489,0,8
500,1934,8,19,489,0,2
500,1934,8,20,489,0,4
500,1934,8,21,489,0,3
500,1934,8,22,489,0,3
500,1934,8,23,489,0,0
500,1934,8,24,489,0,1
500,1934,8,25,489,0,0
500,1934,8,26,489,0,0
500,1934,8,27,489,0,0
500,1934,8,28,489,0,0
500,1934,8,29,489,0,0
500,1934,8,30,489,0,0
500,1934,8,31,489,0,0
500,1934,8,32,489,0,0
500,1934,8,33,489,0,0
500,1934,8,1,9,4,2
500,1934,8,2,21,12,2
500,1934,8,3,50,29,9
500,1934,8,4,95,45,17
500,1934,8,5,181,86,35
500,1934,8,6,288,107,53
500,1934,8,7,387,99,85
500,1934,8,8,441,54,101
500,1934,8,9,468,27,65
500,1934,8,10,478,10,48
500,1934,8,11,478,0,31
500,1934,8,12,479,1,10
500,1934,8,13,479,0,11
500,1934,8,14,479,0,6
500,1934,8,15,479,0,4
500,1934,8,16,479,0,0
500,1934,8,17,479,0,0
500,1934,8,18,479,0,0
500,1934,8,19,479,0,0
500,1934,8,20,479,0,0
500,1934,8,21,479,0,0
500,1934,8,22,479,0,0
500,1934,8,23,479,0,0
500,1934,8,24,479,0,0
500,1934,8,1,9,4,4
500,1934,8,2,13,4,2
500,1934,8,3,26,13,2
500,1934,8,4,59,33,17
500,1934,8,5,119,60,27
500,1934,8,6,206,87,52
500,1934,8,7,295,89,71
500,1934,8,8,373,78,78
500,1934,8,9,427,54,88
500,1934,8,10,446,19,65
500,1934,8,11,454,8,29
500,1934,8,12,455,1,13
500,1934,8,13,456,1,5
500,1934,8,14,456,0,3
500,1934,8,15,456,0,0
500,1934,8,16,456,0,0
500,1934,8,17,456,0,0
500,1934,8,18,456,0,0
500,1934,8,19,456,0,0
500,1934,8,20,456,0,0
500,1934,8,21,456,0,0
500,1934,8,22,456,0,0
500,1934,8,23,456,0,0
500,1934,8,1,23,18,1
500,1934,8,2,102,79,4
500,1934,8,3,286,184,23
500,1934,8,4,460,174,59
500,1934,8,5,495,35,91
500,1934,8,6,499,4,75
500,1934,8,7,499,0,70
500,1934,8,8,499,0,46
500,1934,8,9,499,0,27
500,1934,8,10,499,0,24
500,1934,8,11,499,0,22
500,1934,8,12,499,0,15
500,1934,8,13,499,0,10
500,1934,8,14,499,0,6
500,1934,8,15,499,0,3
500,1934,8,16,499,0,6
500,1934,8,17,499,0,2
500,1934,8,18,499,0,4
500,1934,8,19,499,0,2
500,1934,8,20,499,0,3
500,1934,8,21,499,0,0
500,1934,8,22,499,0,2
500,1934,8,23,499,0,2
500,1934,8,24,499,0,0
500,1934,8,25,499,0,0
500,1934,8,26,499,0,0
500,1934,8,27,499,0,2
500,1934,8,28,499,0,0
500,1934,8,29,499,0,0
500,1934,8,30,499,0,0
500,1934,8,31,499,0,0
500,1934,8,32,499,0,0
500,1934,8,33,499,0,0
500,1934,8,34,499,0,0
500,1934,8,35,499,0,0
500,1934,8,36,499,0,0
500,1934,8,1,27,22,3
500,1934,8,2,104,77,12
500,1934,8,3,285,181,42
500,1934,8,4,457,172,100
500,1934,8,5,490,33,151
500,1934,8,6,495,5,103
500,1934,8,7,496,1,41
500,1934,8,8,497,1,30
500,1934,8,9,497,0,6
500,1934,8,10,497,0,3
500,1934,8,11,497,0,6
500,1934,8,12,497,0,0
500,1934,8,13,497,0,0
500,1934,8,14,497,0,0
500,1934,8,15,497,0,0
500,1934,8,16,497,0,0
500,1934,8,17,497,0,0
500,1934,8,18,497,0,0
500,1934,8,19,497,0,0
500,1934,8,20,497,0,0
500,1934,8,1,31,26,5
500,1934,8,2,118,87,21
500,1934,8,3,296,178,69
500,1934,8,4,460,164,156
500,1934,8,5,486,26,154
500,1934,8,6,488,2,56
500,1934,8,7,488,0,15
500,1934,8,8,489,1,9
500,1934,8,9,489,0,4
500,1934,8,10,489,0,0
500,1934,8,11,489,0,0
500,1934,8,12,489,0,0
500,1934,8,13,489,0,0
500,1934,8,14,489,0,0
500,1934,8,15,489,0,0
500,1934,8,16,489,0,0
500,1934,8,17,489,0,0
500,1934,8,18,489,0,0
500,1934,8,1,33,28,3
500,1934,8,2,172,139,8
500,1934,8,3,431,259,36
500,1934,8,4,497,66,96
500,1934,8,5,499,2,95
500,1934,8,6,499,0,57
500,1934,8,7,499,0,55
500,1934,8,8,499,0,41
500,1934,8,9,499,0,33
500,1934,8,10,499,0,20
500,1934,8,11,499,0,12
500,1934,8,12,499,0,10
500,1934,8,13,499,0,10
500,1934,8,14,499,0,4
500,1934,8,15,499,0,4
500,1934,8,16,499,0,4
500,1934,8,17,499,0,4
500,1934,8,18,499,0,0
500,1934,8,19,499,0,1
500,1934,8,20,499,0,2
500,1934,8,21,499,0,2
500,1934,8,22,499,0,1
500,1934,8,23,499,0,0
500,1934,8,24,499,0,1
500,1934,8,25,499,0,0
500,1934,8,26,499,0,0
500,1934,8,27,499,0,0
500,1934,8,28,499,0,0
500,1934,8,29,499,0,0
500,1934,8,30,499,0,0
500,1934,8,31,499,0,0
500,1934,8,32,499,0,0
500,1934,8,33,499,0,0
500,1934,8,1,34,29,3
500,1934,8,2,186,152,15
500,1934,8,3,449,263,74
500,1934,8,4,498,49,162
500,1934,8,5,499,1,124
500,1934,8,6,499,0,65
500,1934,8,7,499,0,33
500,1934,8,8,499,0,11
500,1934,8,9,499,0,6
500,1934,8,10,499,0,5
500,1934,8,11,499,0,1
500,1934,8,12,499,0,0
500,1934,8,13,499,0,0
500,1934,8,14,499,0,0
500,1934,8,15,499,0,0
500,1934,8,16,499,0,0
500,1934,8,17,499,0,0
500,1934,8,18,499,0,0
500,1934,8,19,499,0,0
500,1934,8,20,499,0,0
500,1934,8,1,33,28,5
500,1934,8,2,136,103,23
500,1934,8,3,391,255,86
500,1934,8,4,497,106,201
500,1934,8,5,499,2,133
500,1934,8,6,499,0,45
500,1934,8,7,499,0,6
500,1934,8,8,499,0,0
500,1934,8,9,499,0,0
500,1934,8,10,499,0,0
500,1934,8,11,499,0,0
500,1934,8,12,499,0,0
500,1934,8,13,499,0,0
500,1934,8,14,499,0,0
500,1934,8,15,499,0,0
500,1934,8,16,499,0,0
500,3995,16,1,24,19,2
500,3995,16,2,102,78,3
500,3995,16,3,323,221,24
500,3995,16,4,478,155,73
500,3995,16,5,499,21,81
500,3995,16,6,500,1,66
500,3995,16,7,500,0,58
500,3995,16,8,500,0,39
500,3995,16,9,500,0,36
500,3995,16,10,500,0,36
500,3995,16,11,500,0,17
500,3995,16,12,500,0,11
500,3995,16,13,500,0,15
500,3995,16,14,500,0,9
500,3995,16,15,500,0,7
500,3995,16,16,500,0,3
500,3995,16,17,500,0,4
500,3995,16,18,500,0,7
500,3995,16,19,500,0,3
500,3995,16,20,500,0,0
500,3995,16,21,500,0,3
500,3995,16,22,500,0,1
500,3995,16,23,500,0,1
500,3995,16,24,500,0,1
500,3995,16,25,500,0,0
500,3995,16,26,500,0,0
500,3995,16,27,500,0,0
500,3995,16,28,500,0,0
500,3995,16,29,500,0,0
500,3995,16,30,500,0,0
500,3995,16,31,500,0,0
500,3995,16,32,500,0,0
500,3995,16,33,500,0,0
500,3995,16,1,20,15,2
500,3995,16,2,91,71,10
500,3995,16,3,276,185,33
500,3995,16,4,454,178,102
500,3995,16,5,499,45,162
500,3995,16,6,499,0,86
500,3995,16,7,499,0,55
500,3995,16,8,499,0,24
500,3995,16,9,499,0,12
500,3995,16,10,499,0,8
500,3995,16,11,499,0,3
500,3995,16,12,499,0,0
500,3995,16,13,499,0,1
500,3995,16,14,499,0,0
500,3995,16,15,499,0,1
500,3995,16,16,499,0,0
500,3995,16,17,499,0,0
500,3995,16,18,499,0,0
500,3995,16,19,499,0,0
500,3995,16,20,499,0,0
500,3995,16,21,499,0,0
500,3995,16,22,499,0,0
500,3995,16,23,499,0,0
500,3995,16,24,499,0,0
500,3995,16,1,34,29,3
500,3995,16,2,132,98,22
500,3995,16,3,338,206,76
500,3995,16,4,475,137,173
500,3995,16,5,494,19,147
500,3995,16,6,496,2,57
500,3995,16,7,496,0,14
500,3995,16,8,496,0,4
500,3995,16,9,496,0,0
500,3995,16,10,496,0,0
500,3995,16,11,496,0,0
500,3995,16,12,496,0,0
500,3995,16,13,496,0,0
500,3995,16,14,496,0,0
500,3995,16,15,496,0,0
500,3995,16,16,496,0,0
500,3995,16,17,496,0,0
500,3995,16,1,44,39,1
500,3995,16,2,264,220,10
500,3995,16,3,495,231,61
500,3995,16,4,500,5,113
500,3995,16,5,500,0,70
500,3995,16,6,500,0,55
500,3995,16,7,500,0,45
500,3995,16,8,500,0,40
500,3995,16,9,500,0,22
500,3995,16,10,500,0,19
500,3995,16,11,500,0,13
500,3995,16,12,500,0,13
500,3995,16,13,500,0,7
500,3995,16,14,500,0,5
500,3995,16,15,500,0,4
500,3995,16,16,500,0,6
500,3995,16,17,500,0,3
500,3995,16,18,500,0,4
500,3995,16,19,500,0,3
500,3995,16,20,500,0,1
500,3995,16,21,500,0,0
500,3995,16,22,500,0,2
500,3995,16,23,500,0,1
500,3995,16,24,500,0,2
500,3995,16,25,500,0,0
500,3995,16,26,500,0,0
500,3995,16,27,500,0,0
500,3995,16,28,500,0,0
500,3995,16,29,500,0,0
500,3995,16,30,500,0,0
500,3995,16,31,500,0,0
500,3995,16,32,500,0,0
500,3995,16,33,500,0,0
500,3995,16,1,45,40,2
500,3995,16,2,266,221,27
500,3995,16,3,488,222,127
500,3995,16,4,500,12,168
500,3995,16,5,500,0,87
500,3995,16,6,500,0,38
500,3995,16,7,500,0,30
500,3995,16,8,500,0,12
500,3995,16,9,500,0,5
500,3995,16,10,500,0,3
500,3995,16,11,500,0,0
500,3995,16,12,500,0,0
500,3995,16,13,500,0,0
500,3995,16,14,500,0,0
500,3995,16,15,500,0,0
500,3995,16,16,500,0,1
500,3995,16,17,500,0,0
500,3995,16,18,500,0,0
500,3995,16,19,500,0,0
500,3995,16,20,500,0,0
500,3995,16,21,500,0,0
500,3995,16,22,500,0,0
500,3995,16,23,500,0,0
500,3995,16,24,500,0,0
500,3995,16,25,500,0,0
500,3995,16,1,44,39,3
500,3995,16,2,258,214,30
500,3995,16,3,496,238,173
500,3995,16,4,500,4,217
500,3995,16,5,500,0,58
500,3995,16,6,500,0,12
500,3995,16,7,500,0,4
500,3995,16,8,500,0,3
500,3995,16,9,500,0,0
500,3995,16,10,500,0,0
500,3995,16,11,500,0,0
500,3995,16,12,500,0,0
500,3995,16,13,500,0,0
500,3995,16,14,500,0,0
500,3995,16,15,500,0,0
500,3995,16,16,500,0,0
500,3995,16,17,500,0,0
500,3995,16,1,61,56,2
500,3995,16,2,381,320,7
500,3995,16,3,500,119,98
500,3995,16,4,500,0,98
500,3995,16,5,500,0,66
500,3995,16,6,500,0,58
500,3995,16,7,500,0,40
500,3995,16,8,500,0,39
500,3995,16,9,500,0,19
500,3995,16,10,500,0,14
500,3995,16,11,500,0,18
500,3995,16,12,500,0,15
500,3995,16,13,500,0,11
500,3995,16,14,500,0,3
500,3995,16,15,500,0,4
500,3995,16,16,500,0,0
500,3995,16,17,500,0,0
500,3995,16,18,500,0,1
500,3995,16,19,500,0,1
500,3995,16,20,500,0,1
500,3995,16,21,500,0,1
500,3995,16,22,500,0,0
500,3995,16,23,500,0,1
500,3995,16,24,500,0,2
500,3995,16,25,500,0,0
500,3995,16,26,500,0,0
500,3995,16,27,500,0,0
500,3995,16,28,500,0,0
500,3995,16,29,500,0,0
500,3995,16,30,500,0,0
500,3995,16,31,500,0,1
500,3995,16,32,500,0,0
500,3995,16,33,500,0,0
500,3995,16,34,500,0,0
500,3995,16,35,500,0,0
500,3995,16,36,500,0,0
500,3995,16,37,500,0,0
500,3995,16,38,500,0,0
500,3995,16,39,500,0,0
500,3995,16,40,500,0,0
500,3995,16,1,66,61,3
500,3995,16,2,401,335,28
500,3995,16,3,500,99,208
500,3995,16,4,500,0,129
500,3995,16,5,500,0,63
500,3995,16,6,500,0,37
500,3995,16,7,500,0,16
500,3995,16,8,500,0,8
500,3995,16,9,500,0,3
500,3995,16,10,500,0,2
500,3995,16,11,500,0,3
500,3995,16,12,500,0,0
500,3995,16,13,500,0,0
500,3995,16,14,500,0,0
500,3995,16,15,500,0,0
500,3995,16,16,500,0,0
500,3995,16,17,500,0,0
500,3995,16,18,500,0,0
500,3995,16,19,500,0,0
500,3995,16,20,500,0,0
500,3995,16,1,56,51,4
500,3995,16,2,377,321,37
500,3995,16,3,500,123,262
500,3995,16,4,500,0,148
500,3995,16,5,500,0,31
500,3995,16,6,500,0,15
500,3995,16,7,500,0,3
500,3995,16,8,500,0,0
500,3995,16,9,500,0,0
500,3995,16,10,500,0,0
500,3995,16,11,500,0,0
500,3995,16,12,500,0,0
500,3995,16,13,500,0,0
500,3995,16,14,500,0,0
500,3995,16,15,500,0,0
500,3995,16,16,500,0,0
5000,4909,2,1,9,4,0
5000,4909,2,2,14,5,2
5000,4909,2,3,21,7,3
5000,4909,2,4,23,2,4
5000,4909,2,5,27,4,2
5000,4909,2,6,32,5,5
5000,4909,2,7,38,6,2
5000,4909,2,8,44,6,4
5000,4909,2,9,51,7,6
5000,4909,2,10,59,8,9
5000,4909,2,11,62,3,6
5000,4909,2,12,64,2,5
5000,4909,2,13,69,5,3
5000,4909,2,14,72,3,7
5000,4909,2,15,77,5,3
5000,4909,2,16,80,3,5
5000,4909,2,17,83,3,4
5000,4909,2,18,89,6,4
5000,4909,2,19,97,8,2
5000,4909,2,20,105,8,6
5000,4909,2,21,116,11,6
5000,4909,2,22,129,13,8
5000,4909,2,23,140,11,7
5000,4909,2,24,148,8,11
5000,4909,2,25,157,9,10
5000,4909,2,26,166,9,3
5000,4909,2,27,177,11,6
5000,4909,2,28,196,19,10
5000,4909,2,29,214,18,14
5000,4909,2,30,225,11,15
5000,4909,2,31,239,14,10
5000,4909,2,32,255,16,14
5000,4909,2,33,277,22,14
5000,4909,2,34,301,24,13
5000,4909,2,35,328,27,20
5000,4909,2,36,349,21,20
5000,4909,2,37,371,22,20
5000,4909,2,38,388,17,34
5000,4909,2,39,401,13,21
5000,4909,2,40,416,15,15
5000,4909,2,41,429,13,11
5000,4909,2,42,442,13,18
5000,4909,2,43,458,16,10
5000,4909,2,44,483,25,16
5000,4909,2,45,502,19,16
5000,4909,2,46,517,15,22
5000,4909,2,47,530,13,13
5000,4909,2,48,549,19,19
5000,4909,2,49,564,15,22
5000,4909,2,50,581,17,14
5000,4909,2,51,594,13,20
5000,4909,2,52,602,8,10
5000,4909,2,53,615,13,13
5000,4909,2,54,631,16,14
5000,4909,2,55,644,13,19
5000,4909,2,56,657,13,12
5000,4909,2,57,664,7,15
5000,4909,2,58,671,7,10
5000,4909,2,59,678,7,12
5000,4909,2,60,682,4,9
5000,4909,2,61,687,5,8
5000,4909,2,62,690,3,8
5000,4909,2,63,697,7,4
5000,4909,2,64,703,6,6
5000,4909,2,65,709,6,6
5000,4909,2,66,711,2,5
5000,4909,2,67,713,2,11
5000,4909,2,68,715,2,4
5000,4909,2,69,718,3,4
5000,4909,2,70,722,4,2
5000,4909,2,71,724,2,2
5000,4909,2,72,725,1,5
5000,4909,2,73,727,2,3
5000,4909,2,74,730,3,4
5000,4909,2,75,730,0,3
5000,4909,2,76,730,0,1
5000,4909,2,77,732,2,2
5000,4909,2,78,732,0,0
5000,4909,2,79,734,2,2
5000,4909,2,80,735,1,1
5000,4909,2,81,735,0,2
5000,4909,2,82,735,0,0
5000,4909,2,83,735,0,0
5000,4909,2,84,735,0,1
5000,4909,2,85,735,0,1
5000,4909,2,86,735,0,1
5000,4909,2,87,735,0,0
5000,4909,2,88,735,0,0
5000,4909,2,89,735,0,1
5000,4909,2,90,735,0,0
5000,4909,2,91,735,0,0
5000,4909,2,92,735,0,0
5000,4909,2,93,735,0,0
5000,4909,2,94,735,0,0
5000,4909,2,95,735,0,0
5000,4909,2,96,735,0,0
5000,4909,2,97,735,0,0
5000,4909,2,98,735,0,0
5000,4909,2,1,9,4,2
5000,4909,2,2,11,2,2
5000,4909,2,3,17,6,1
5000,4909,2,4,23,6,9
5000,4909,2,5,29,6,3
5000,4909,2,6,30,1,8
5000,4909,2,7,32,2,3
5000,4909,2,8,34,2,2
5000,4909,2,9,35,1,3
5000,4909,2,10,36,1,2
5000,4909,2,11,36,0,1
5000,4909,2,12,36,0,0
5000,4909,2,13,36,0,0
5000,4909,2,14,36,0,0
5000,4909,2,15,36,0,0
5000,4909,2,16,36,0,0
5000,4909,2,17,36,0,0
5000,4909,2,18,36,0,0
5000,4909,2,19,36,0,0
5000,4909,2,20,36,0,0
5000,4909,2,1,7,2,5
5000,4909,2,2,9,2,2
5000,4909,2,3,9,0,1
5000,4909,2,4,9,0,1
5000,4909,2,5,9,0,0
5000,4909,2,6,9,0,0
5000,4909,2,7,9,0,0
5000,4909,2,8,9,0,0
5000,4909,2,9,9,0,0
5000,4909,2,10,9,0,0
5000,4909,2,11,9,0,0
5000,4909,2,12,9,0,0
5000,4909,2,13,9,0,0
5000,4909,2,1,7,2,0
5000,4909,2,2,10,3,1
5000,4909,2,3,14,4,1
5000,4909,2,4,20,6,4
5000,4909,2,5,26,6,7
5000,4909,2,6,36,10,4
5000,4909,2,7,47,11,6
5000,4909,2,8,61,14,3
5000,4909,2,9,78,17,12
5000,4909,2,10,94,16,11
5000,4909,2,11,121,27,15
5000,4909,2,12,160,39,12
5000,4909,2,13,212,52,23
5000,4909,2,14,276,64,21
5000,4909,2,15,352,76,55
5000,4909,2,16,453,101,41
5000,4909,2,17,580,127,65
5000,4909,2,18,731,151,70
5000,4909,2,19,926,195,97
5000,4909,2,20,1127,201,119
5000,4909,2,21,1342,215,150
5000,4909,2,22,1554,212,136
5000,4909,2,23,1776,222,175
5000,4909,2,24,1997,221,191
5000,4909,2,25,2222,225,189
5000,4909,2,26,2431,209,227
5000,4909,2,27,2599,168,203
5000,4909,2,28,2756,157,204
5000,4909,2,29,2846,90,186
5000,4909,2,30,2923,77,165
5000,4909,2,31,2978,55,118
5000,4909,2,32,3020,42,105
5000,4909,2,33,3045,25,93
5000,4909,2,34,3069,24,91
5000,4909,2,35,3083,14,63
5000,4909,2,36,3095,12,54
5000,4909,2,37,3104,9,46
5000,4909,2,38,3110,6,30
5000,4909,2,39,3114,4,31
5000,4909,2,40,3117,3,15
5000,4909,2,41,3122,5,23
5000,4909,2,42,3124,2,14
5000,4909,2,43,3124,0,9
5000,4909,2,44,3124,0,9
5000,4909,2,45,3124,0,10
5000,4909,2,46,3124,0,3
5000,4909,2,47,3124,0,1
5000,4909,2,48,3124,0,5
5000,4909,2,49,3124,0,2
5000,4909,2,50,3124,0,4
5000,4909,2,51,3124,0,3
5000,4909,2,52,3124,0,2
5000,4909,2,53,3124,0,0
5000,4909,2,54,3124,0,0
5000,4909,2,55,3124,0,0
5000,4909,2,56,3124,0,0
5000,4909,2,57,3124,0,0
5000,4909,2,58,3124,0,0
5000,4909,2,59,3124,0,0
5000,4909,2,60,3124,0,0
5000,4909,2,61,3124,0,0
5000,4909,2,1,8,3,5
5000,4909,2,2,10,2,2
5000,4909,2,3,11,1,1
5000,4909,2,4,13,2,1
5000,4909,2,5,14,1,3
5000,4909,2,6,15,1,1
5000,4909,2,7,16,1,0
5000,4909,2,8,16,0,0
5000,4909,2,9,16,0,1
5000,4909,2,10,16,0,0
5000,4909,2,11,16,0,2
5000,4909,2,12,16,0,0
5000,4909,2,13,16,0,0
5000,4909,2,14,16,0,0
5000,4909,2,15,16,0,0
5000,4909,2,16,16,0,0
5000,4909,2,17,16,0,0
5000,4909,2,18,16,0,0
5000,4909,2,19,16,0,0
5000,4909,2,20,16,0,0
5000,4909,2,1,8,3,4
5000,4909,2,2,11,3,2
5000,4909,2,3,12,1,4
5000,4909,2,4,13,1,1
5000,4909,2,5,14,1,1
5000,4909,2,6,15,1,2
5000,4909,2,7,16,1,1
5000,4909,2,8,17,1,1
5000,4909,2,9,19,2,1
5000,4909,2,10,21,2,2
5000,4909,2,11,22,1,1
5000,4909,2,12,25,3,2
5000,4909,2,13,29,4,2
5000,4909,2,14,33,4,4
5000,4909,2,15,36,3,2
5000,4909,2,16,40,4,5
5000,4909,2,17,48,8,3
5000,4909,2,18,59,11,9
5000,4909,2,19,72,13,10
5000,4909,2,20,84,12,11
5000,4909,2,21,93,9,12
5000,4909,2,22,100,7,10
5000,4909,2,23,105,5,7
5000,4909,2,24,112,7,7
5000,4909,2,25,120,8,7
5000,4909,2,26,128,8,4
5000,4909,2,27,132,4,8
5000,4909,2,28,139,7,5
5000,4909,2,29,145,6,7
5000,4909,2,30,150,5,5
5000,4909,2,31,155,5,8
5000,4909,2,32,158,3,4
5000,4909,2,33,162,4,4
5000,4909,2,34,165,3,3
5000,4909,2,35,171,6,3
5000,4909,2,36,174,3,6
5000,4909,2,37,178,4,6
5000,4909,2,38,183,5,4
5000,4909,2,39,190,7,4
5000,4909,2,40,197,7,6
5000,4909,2,41,205,8,6
5000,4909,2,42,215,10,9
5000,4909,2,43,226,11,8
5000,4909,2,44,242,16,14
5000,4909,2,45,258,16,12
5000,4909,2,46,273,15,17
5000,4909,2,47,280,7,16
5000,4909,2,48,284,4,9
5000,4909,2,49,287,3,4
5000,4909,2,50,289,2,3
5000,4909,2,51,290,1,2
5000,4909,2,52,291,1,2
5000,4909,2,53,291,0,1
5000,4909,2,54,291,0,0
5000,4909,2,55,291,0,0
5000,4909,2,56,291,0,0
5000,4909,2,57,291,0,0
5000,4909,2,58,291,0,0
5000,4909,2,59,291,0,0
5000,4909,2,60,291,0,0
5000,4909,2,61,291,0,0
5000,4909,2,62,291,0,0
5000,4909,2,1,8,3,2
5000,4909,2,2,15,7,2
5000,4909,2,3,24,9,3
5000,4909,2,4,45,21,3
5000,4909,2,5,76,31,7
5000,4909,2,6,121,45,17
5000,4909,2,7,183,62,18
5000,4909,2,8,280,97,27
5000,4909,2,9,436,156,44
5000,4909,2,10,688,252,80
5000,4909,2,11,1032,344,126
5000,4909,2,12,1486,454,145
5000,4909,2,13,1969,483,244
5000,4909,2,14,2433,464,326
5000,4909,2,15,2835,402,340
5000,4909,2,16,3127,292,378
5000,4909,2,17,3347,220,327
5000,4909,2,18,3494,147,300
5000,4909,2,19,3577,83,276
5000,4909,2,20,3620,43,245
5000,4909,2,21,3649,29,184
5000,4909,2,22,3662,13,143
5000,4909,2,23,3667,5,93
5000,4909,2,24,3673,6,80
5000,4909,2,25,3679,6,58
5000,4909,2,26,3680,1,59
5000,4909,2,27,3681,1,48
5000,4909,2,28,3681,0,27
5000,4909,2,29,3681,0,24
5000,4909,2,30,3681,0,10
5000,4909,2,31,3681,0,12
5000,4909,2,32,3681,0,6
5000,4909,2,33,3681,0,10
5000,4909,2,34,3681,0,3
5000,4909,2,35,3681,0,2
5000,4909,2,36,3681,0,4
5000,4909,2,37,3681,0,3
5000,4909,2,38,3681,0,2
5000,4909,2,39,3681,0,1
5000,4909,2,40,3681,0,0
5000,4909,2,41,3681,0,0
5000,4909,2,42,3681,0,1
5000,4909,2,43,3681,0,0
5000,4909,2,44,3681,0,0
5000,4909,2,45,3681,0,0
5000,4909,2,46,3681,0,0
5000,4909,2,47,3681,0,0
5000,4909,2,48,3681,0,0
5000,4909,2,49,3681,0,0
5000,4909,2,50,3681,0,0
5000,4909,2,51,3681,0,0
5000,4909,2,52,3681,0,0
5000,4909,2,53,3681,0,0
5000,4909,2,54,3681,0,0
5000,4909,2,55,3681,0,1
5000,4909,2,56,3681,0,0
5000,4909,2,57,3681,0,0
5000,4909,2,58,3681,0,0
5000,4909,2,59,3681,0,0
5000,4909,2,60,3681,0,0
5000,4909,2,61,3681,0,0
5000,4909,2,62,3681,0,0
5000,4909,2,63,3681,0,0
5000,4909,2,64,3681,0,0
5000,4909,2,1,15,10,2
5000,4909,2,2,26,11,5
5000,4909,2,3,47,21,10
5000,4909,2,4,77,30,20
5000,4909,2,5,109,32,19
5000,4909,2,6,160,51,24
5000,4909,2,7,245,85,40
5000,4909,2,8,363,118,58
5000,4909,2,9,527,164,84
5000,4909,2,10,745,218,131
5000,4909,2,11,1030,285,165
5000,4909,2,12,1364,334,238
5000,4909,2,13,1747,383,279
5000,4909,2,14,2113,366,344
5000,4909,2,15,2451,338,336
5000,4909,2,16,2731,280,334
5000,4909,2,17,2953,222,316
5000,4909,2,18,3124,171,256
5000,4909,2,19,3234,110,226
5000,4909,2,20,3306,72,184
5000,4909,2,21,3343,37,131
5000,4909,2,22,3363,20,68
5000,4909,2,23,3375,12,36
5000,4909,2,24,3383,8,33
5000,4909,2,25,3389,6,22
5000,4909,2,26,3393,4,18
5000,4909,2,27,3394,1,5
5000,4909,2,28,3394,0,4
5000,4909,2,29,3394,0,2
5000,4909,2,30,3394,0,3
5000,4909,2,31,3394,0,1
5000,4909,2,32,3394,0,0
5000,4909,2,33,3394,0,0
5000,4909,2,34,3394,0,0
5000,4909,2,35,3394,0,0
5000,4909,2,36,3394,0,0
5000,4909,2,37,3394,0,0
5000,4909,2,38,3394,0,0
5000,4909,2,39,3394,0,0
5000,4909,2,40,3394,0,0
5000,4909,2,1,16,11,5
5000,4909,2,2,34,18,10
5000,4909,2,3,56,22,16
5000,4909,2,4,78,22,21
5000,4909,2,5,121,43,20
5000,4909,2,6,193,72,34
5000,4909,2,7,316,123,60
5000,4909,2,8,471,155,114
5000,4909,2,9,701,230,143
5000,4909,2,10,977,276,204
5000,4909,2,11,1301,324,261
5000,4909,2,12,1650,349,307
5000,4909,2,13,1990,340,348
5000,4909,2,14,2316,326,330
5000,4909,2,15,2560,244,329
5000,4909,2,16,2746,186,268
5000,4909,2,17,2869,123,200
5000,4909,2,18,2953,84,137
5000,4909,2,19,3012,59,109
5000,4909,2,20,3052,40,71
5000,4909,2,21,3079,27,52
5000,4909,2,22,3092,13,32
5000,4909,2,23,3105,13,13
5000,4909,2,24,3115,10,18
5000,4909,2,25,3118,3,11
5000,4909,2,26,3119,1,3
5000,4909,2,27,3119,0,3
5000,4909,2,28,3119,0,0
5000,4909,2,29,3119,0,0
5000,4909,2,30,3119,0,0
5000,4909,2,31,3119,0,0
5000,4909,2,32,3119,0,0
5000,4909,2,33,3119,0,0
5000,4909,2,34,3119,0,0
5000,4909,2,35,3119,0,0
5000,4909,2,36,3119,0,0
5000,20023,8,1,20,15,1
5000,20023,8,2,59,39,8
5000,20023,8,3,151,92,17
5000,20023,8,4,359,208,21
5000,20023,8,5,857,498,84
5000,20023,8,6,1809,952,184
5000,20023,8,7,3102,1293,369
5000,20023,8,8,4156,1054,625
5000,20023,8,9,4629,473,694
5000,20023,8,10,4835,206,668
5000,20023,8,11,4890,55,516
5000,20023,8,12,4922,32,429
5000,20023,8,13,4939,17,310
5000,20023,8,14,4946,7,254
5000,20023,8,15,4947,1,197
5000,20023,8,16,4950,3,144
5000,20023,8,17,4951,1,93
5000,20023,8,18,4951,0,93
5000,20023,8,19,4951,0,66
5000,20023,8,20,4951,0,48
5000,20023,8,21,4951,0,29
5000,20023,8,22,4951,0,24
5000,20023,8,23,4951,0,23
5000,20023,8,24,4951,0,14
5000,20023,8,25,4951,0,14
5000,20023,8,26,4951,0,8
5000,20023,8,27,4951,0,6
5000,20023,8,28,4951,0,2
5000,20023,8,29,4951,0,4
5000,20023,8,30,4951,0,2
5000,20023,8,31,4951,0,1
5000,20023,8,32,4951,0,0
5000,20023,8,33,4951,0,0
5000,20023,8,34,4951,0,1
5000,20023,8,35,4951,0,0
5000,20023,8,36,4951,0,1
5000,20023,8,37,4951,0,0
5000,20023,8,38,4951,0,0
5000,20023,8,39,4951,0,0
5000,20023,8,40,4951,0,0
5000,20023,8,41,4951,0,0
5000,20023,8,42,4951,0,0
5000,20023,8,43,4951,0,0
5000,20023,8,44,4951,0,0
5000,20023,8,45,4951,0,0
5000,20023,8,46,4951,0,1
5000,20023,8,47,4951,0,0
5000,20023,8,48,4951,0,0
5000,20023,8,49,4951,0,0
5000,20023,8,50,4951,0,0
5000,20023,8,51,4951,0,0
5000,20023,8,52,4951,0,0
5000,20023,8,53,4951,0,0
5000,20023,8,54,4951,0,0
5000,20023,8,55,4951,0,0
5000,20023,8,1,13,8,3
5000,20023,8,2,31,18,6
5000,20023,8,3,67,36,15
5000,20023,8,4,157,90,22
5000,20023,8,5,341,184,54
5000,20023,8,6,750,409,118
5000,20023,8,7,1500,750,255
5000,20023,8,8,2606,1106,509
5000,20023,8,9,3647,1041,836
5000,20023,8,10,4249,602,906
5000,20023,8,11,4530,281,772
5000,20023,8,12,4640,110,514
5000,20023,8,13,4690,50,312
5000,20023,8,14,4711,21,191
5000,20023,8,15,4718,7,94
5000,20023,8,16,4725,7,51
5000,20023,8,17,4727,2,29
5000,20023,8,18,4730,3,20
5000,20023,8,19,4731,1,12
5000,20023,8,20,4731,0,7
5000,20023,8,21,4731,0,3
5000,20023,8,22,4731,0,0
5000,20023,8,23,4731,0,0
5000,20023,8,24,4731,0,1
5000,20023,8,25,4731,0,1
5000,20023,8,26,4731,0,0
5000,20023,8,27,4731,0,0
5000,20023,8,28,4731,0,0
5000,20023,8,29,4731,0,0
5000,20023,8,30,4731,0,0
5000,20023,8,31,4731,0,0
5000,20023,8,32,4731,0,0
5000,20023,8,33,4731,0,0
5000,20023,8,34,4731,0,0
5000,20023,8,1,16,11,2
5000,20023,8,2,42,26,12
5000,20023,8,3,111,69,23
5000,20023,8,4,268,157,56
5000,20023,8,5,577,309,140
5000,20023,8,6,1137,560,264
5000,20023,8,7,1996,859,481
5000,20023,8,8,2976,980,760
5000,20023,8,9,3729,753,914
5000,20023,8,10,4133,404,813
5000,20023,8,11,4310,177,496
5000,20023,8,12,4394,84,251
5000,20023,8,13,4426,32,140
5000,20023,8,14,4436,10,57
5000,20023,8,15,4441,5,19
5000,20023,8,16,4441,0,11
5000,20023,8,17,4441,0,2
5000,20023,8,18,4441,0,0
5000,20023,8,19,4441,0,0
5000,20023,8,20,4441,0,0
5000,20023,8,21,4441,0,0
5000,20023,8,22,4441,0,0
5000,20023,8,23,4441,0,0
5000,20023,8,24,4441,0,0
5000,20023,8,25,4441,0,0
5000,20023,8,26,4441,0,0
5000,20023,8,1,24,19,0
5000,20023,8,2,104,80,7
5000,20023,8,3,440,336,22
5000,20023,8,4,1592,1152,107
5000,20023,8,5,3777,2185,323
5000,20023,8,6,4882,1105,852
5000,20023,8,7,4979,97,913
5000,20023,8,8,4989,10,711
5000,20023,8,9,4994,5,498
5000,20023,8,10,4994,0,370
5000,20023,8,11,4994,0,286
5000,20023,8,12,4994,0,235
5000,20023,8,13,4994,0,180
5000,20023,8,14,4994,0,120
5000,20023,8,15,4994,0,79
5000,20023,8,16,4994,0,68
5000,20023,8,17,4994,0,48
5000,20023,8,18,4994,0,50
5000,20023,8,19,4994,0,30
5000,20023,8,20,4994,0,16
5000,20023,8,21,4994,0,14
5000,20023,8,22,4994,0,16
5000,20023,8,23,4994,0,17
5000,20023,8,24,4994,0,10
5000,20023,8,25,4994,0,6
5000,20023,8,26,4994,0,5
5000,20023,8,27,4994,0,5
5000,20023,8,28,4994,0,3
5000,20023,8,29,4994,0,2
5000,20023,8,30,4994,0,1
5000,20023,8,31,4994,0,0
5000,20023,8,32,4994,0,0
5000,20023,8,33,4994,0,0
5000,20023,8,34,4994,0,0
5000,20023,8,35,4994,0,0
5000,20023,8,36,4994,0,0
5000,20023,8,37,4994,0,0
5000,20023,8,38,4994,0,0
5000,20023,8,39,4994,0,0
5000,20023,8,1,26,21,1
5000,20023,8,2,129,103,14
5000,20023,8,3,527,398,59
5000,20023,8,4,1789,1262,224
5000,20023,8,5,3931,2142,735
5000,20023,8,6,4842,911,1410
5000,20023,8,7,4958,116,1191
5000,20023,8,8,4970,12,653
5000,20023,8,9,4971,1,348
5000,20023,8,10,4972,1,165
5000,20023,8,11,4972,0,87
5000,20023,8,12,4972,0,43
5000,20023,8,13,4972,0,18
5000,20023,8,14,4972,0,13
5000,20023,8,15,4972,0,6
5000,20023,8,16,4972,0,2
5000,20023,8,17,4972,0,1
5000,20023,8,18,4972,0,1
5000,20023,8,19,4972,0,1
5000,20023,8,20,4972,0,0
5000,20023,8,21,4972,0,0
5000,20023,8,22,4972,0,0
5000,20023,8,23,4972,0,0
5000,20023,8,24,4972,0,0
5000,20023,8,25,4972,0,0
5000,20023,8,26,4972,0,0
5000,20023,8,27,4972,0,0
5000,20023,8,28,4972,0,0
5000,20023,8,1,30,25,3
5000,20023,8,2,119,89,18
5000,20023,8,3,476,357,75
5000,20023,8,4,1604,1128,297
5000,20023,8,5,3703,2099,902
5000,20023,8,6,4777,1074,1776
5000,20023,8,7,4929,152,1302
5000,20023,8,8,4950,21,408
5000,20023,8,9,4956,6,136
5000,20023,8,10,4956,0,28
5000,20023,8,11,4956,0,7
5000,20023,8,12,4956,0,2
5000,20023,8,13,4956,0,2
5000,20023,8,14,4956,0,0
5000,20023,8,15,4956,0,0
5000,20023,8,16,4956,0,0
5000,20023,8,17,4956,0,0
5000,20023,8,18,4956,0,0
5000,20023,8,19,4956,0,0
5000,20023,8,20,4956,0,0
5000,20023,8,21,4956,0,0
5000,20023,8,22,4956,0,0
5000,20023,8,1,29,24,0
5000,20023,8,2,165,136,5
5000,20023,8,3,912,747,46
5000,20023,8,4,3385,2473,222
5000,20023,8,5,4938,1553,800
5000,20023,8,6,4994,56,1003
5000,20023,8,7,4997,3,706
5000,20023,8,8,4997,0,552
5000,20023,8,9,4997,0,420
5000,20023,8,10,4997,0,298
5000,20023,8,11,4997,0,237
5000,20023,8,12,4997,0,162
5000,20023,8,13,4997,0,138
5000,20023,8,14,4997,0,97
5000,20023,8,15,4997,0,74
5000,20023,8,16,4997,0,52
5000,20023,8,17,4997,0,42
5000,20023,8,18,4997,0,41
5000,20023,8,19,4997,0,31
5000,20023,8,20,4997,0,15
5000,20023,8,21,4997,0,17
5000,20023,8,22,4997,0,12
5000,20023,8,23,4997,0,7
5000,20023,8,24,4997,0,3
5000,20023,8,25,4997,0,3
5000,20023,8,26,4997,0,5
5000,20023,8,27,4997,0,1
5000,20023,8,28,4997,0,2
5000,20023,8,29,4997,0,3
5000,20023,8,30,4997,0,0
5000,20023,8,31,4997,0,1
5000,20023,8,32,4997,0,1
5000,20023,8,33,4997,0,0
5000,20023,8,34,4997,0,0
5000,20023,8,35,4997,0,0
5000,20023,8,36,4997,0,0
5000,20023,8,37,4997,0,0
5000,20023,8,38,4997,0,1
5000,20023,8,39,4997,0,0
5000,20023,8,40,4997,0,0
5000,20023,8,41,4997,0,0
5000,20023,8,42,4997,0,0
5000,20023,8,43,4997,0,0
5000,20023,8,44,4997,0,0
5000,20023,8,45,4997,0,0
5000,20023,8,46,4997,0,0
5000,20023,8,47,4997,0,0
5000,20023,8,1,31,26,3
5000,20023,8,2,176,145,13
5000,20023,8,3,968,792,87
5000,20023,8,4,3471,2503,452
5000,20023,8,5,4936,1465,1440
5000,20023,8,6,4994,58,1458
5000,20023,8,7,4995,1,754
5000,20023,8,8,4995,0,375
5000,20023,8,9,4995,0,208
5000,20023,8,10,4995,0,103
5000,20023,8,11,4995,0,51
5000,20023,8,12,4995,0,26
5000,20023,8,13,4995,0,16
5000,20023,8,14,4995,0,7
5000,20023,8,15,4995,0,1
5000,20023,8,16,4995,0,0
5000,20023,8,17,4995,0,1
5000,20023,8,18,4995,0,0
5000,20023,8,19,4995,0,0
5000,20023,8,20,4995,0,0
5000,20023,8,21,4995,0,0
5000,20023,8,22,4995,0,0
5000,20023,8,23,4995,0,0
5000,20023,8,24,4995,0,0
5000,20023,8,25,4995,0,0
5000,20023,8,26,4995,0,0
5000,20023,8,1,18,13,5
5000,20023,8,2,98,80,12
5000,20023,8,3,507,409,62
5000,20023,8,4,2293,1786,312
5000,20023,8,5,4728,2435,1445
5000,20023,8,6,4988,260,2174
5000,20023,8,7,4994,6,728
5000,20023,8,8,4994,0,190
5000,20023,8,9,4994,0,49
5000,20023,8,10,4994,0,11
5000,20023,8,11,4994,0,6
5000,20023,8,12,4994,0,0
5000,20023,8,13,4994,0,0
5000,20023,8,14,4994,0,0
5000,20023,8,15,4994,0,0
5000,20023,8,16,4994,0,0
5000,20023,8,17,4994,0,0
5000,20023,8,18,4994,0,0
5000,20023,8,19,4994,0,0
5000,20023,8,20,4994,0,0
5000,40109,16,1,25,20,1
5000,40109,16,2,125,100,3
5000,40109,16,3,545,420,27
5000,40109,16,4,2024,1479,133
5000,40109,16,5,4253,2229,464
5000,40109,16,6,4955,702,893
5000,40109,16,7,4992,37,875
5000,40109,16,8,5000,8,692
5000,40109,16,9,5000,0,453
5000,40109,16,10,5000,0,360
5000,40109,16,11,5000,0,271
5000,40109,16,12,5000,0,200
5000,40109,16,13,5000,0,147
5000,40109,16,14,5000,0,113
5000,40109,16,15,5000,0,102
5000,40109,16,16,5000,0,63
5000,40109,16,17,5000,0,51
5000,40109,16,18,5000,0,34
5000,40109,16,19,5000,0,23
5000,40109,16,20,5000,0,24
5000,40109,16,21,5000,0,20
5000,40109,16,22,5000,0,15
5000,40109,16,23,5000,0,8
5000,40109,16,24,5000,0,8
5000,40109,16,25,5000,0,7
5000,40109,16,26,5000,0,5
5000,40109,16,27,5000,0,3
5000,40109,16,28,5000,0,1
5000,40109,16,29,5000,0,3
5000,40109,16,30,5000,0,1
5000,40109,16,31,5000,0,0
5000,40109,16,32,5000,0,0
5000,40109,16,33,5000,0,0
5000,40109,16,34,5000,0,0
5000,40109,16,35,5000,0,0
5000,40109,16,36,5000,0,0
5000,40109,16,37,5000,0,0
5000,40109,16,38,5000,0,0
5000,40109,16,39,5000,0,0
5000,40109,16,1,24,19,3
5000,40109,16,2,122,98,9
5000,40109,16,3,509,387,61
5000,40109,16,4,1714,1205,225
5000,40109,16,5,3891,2177,735
5000,40109,16,6,4862,971,1428
5000,40109,16,7,4971,109,1157
5000,40109,16,8,4985,14,698
5000,40109,16,9,4987,2,331
5000,40109,16,10,4989,2,170
5000,40109,16,11,4989,0,99
5000,40109,16,12,4989,0,31
5000,40109,16,13,4989,0,18
5000,40109,16,14,4989,0,14
5000,40109,16,15,4989,0,6
5000,40109,16,16,4989,0,2
5000,40109,16,17,4989,0,1
5000,40109,16,18,4989,0,1
5000,40109,16,19,4989,0,0
5000,40109,16,20,4989,0,0
5000,40109,16,21,4989,0,0
5000,40109,16,22,4989,0,0
5000,40109,16,23,4989,0,0
5000,40109,16,24,4989,0,0
5000,40109,16,25,4989,0,0
5000,40109,16,26,4989,0,0
5000,40109,16,27,4989,0,0
5000,40109,16,1,23,18,2
5000,40109,16,2,98,75,17
5000,40109,16,3,383,285,63
5000,40109,16,4,1368,985,228
5000,40109,16,5,3450,2082,782
5000,40109,16,6,4749,1299,1770
5000,40109,16,7,4932,183,1417
5000,40109,16,8,4951,19,476
5000,40109,16,9,4954,3,140
5000,40109,16,10,4956,2,51
5000,40109,16,11,4956,0,7
5000,40109,16,12,4956,0,3
5000,40109,16,13,4956,0,0
5000,40109,16,14,4956,0,0
5000,40109,16,15,4956,0,0
5000,40109,16,16,4956,0,0
5000,40109,16,17,4956,0,0
5000,40109,16,18,4956,0,0
5000,40109,16,19,4956,0,0
5000,40109,16,20,4956,0,0
5000,40109,16,21,4956,0,0
5000,40109,16,1,44,39,2
5000,40109,16,2,360,316,12
5000,40109,16,3,2259,1899,73
5000,40109,16,4,4875,2616,548
5000,40109,16,5,4998,123,1009
5000,40109,16,6,5000,2,882
5000,40109,16,7,5000,0,600
5000,40109,16,8,5000,0,495
5000,40109,16,9,5000,0,332
5000,40109,16,10,5000,0,263
5000,40109,16,11,5000,0,210
5000,40109,16,12,5000,0,151
5000,40109,16,13,5000,0,108
5000,40109,16,14,5000,0,82
5000,40109,16,15,5000,0,53
5000,40109,16,16,5000,0,54
5000,40109,16,17,5000,0,36
5000,40109,16,18,5000,0,27
5000,40109,16,19,5000,0,17
5000,40109,16,20,5000,0,7
5000,40109,16,21,5000,0,13
5000,40109,16,22,5000,0,4
5000,40109,16,23,5000,0,1
5000,40109,16,24,5000,0,7
5000,40109,16,25,5000,0,2
5000,40109,16,26,5000,0,0
5000,40109,16,27,5000,0,5
5000,40109,16,28,5000,0,3
5000,40109,16,29,5000,0,1
5000,40109,16,30,5000,0,1
5000,40109,16,31,5000,0,0
5000,40109,16,32,5000,0,2
5000,40109,16,33,5000,0,0
5000,40109,16,34,5000,0,0
5000,40109,16,35,5000,0,0
5000,40109,16,36,5000,0,0
5000,40109,16,37,5000,0,0
5000,40109,16,38,5000,0,0
5000,40109,16,39,5000,0,0
5000,40109,16,40,5000,0,0
5000,40109,16,41,5000,0,0
5000,40109,16,1,49,44,4
5000,40109,16,2,389,340,20
5000,40109,16,3,2353,1964,173
5000,40109,16,4,4908,2555,1104
5000,40109,16,5,5000,92,1792
5000,40109,16,6,5000,0,934
5000,40109,16,7,5000,0,456
5000,40109,16,8,5000,0,262
5000,40109,16,9,5000,0,118
5000,40109,16,10,5000,0,66
5000,40109,16,11,5000,0,32
5000,40109,16,12,5000,0,17
5000,40109,16,13,5000,0,11
5000,40109,16,14,5000,0,4
5000,40109,16,15,5000,0,2
5000,40109,16,16,5000,0,2
5000,40109,16,17,5000,0,3
5000,40109,16,18,5000,0,0
5000,40109,16,19,5000,0,0
5000,40109,16,20,5000,0,0
5000,40109,16,21,5000,0,0
5000,40109,16,22,5000,0,0
5000,40109,16,23,5000,0,0
5000,40109,16,24,5000,0,0
5000,40109,16,25,5000,0,0
5000,40109,16,26,5000,0,0
5000,40109,16,1,50,45,5
5000,40109,16,2,390,340,33
5000,40109,16,3,2351,1961,272
5000,40109,16,4,4909,2558,1558
5000,40109,16,5,5000,91,2310
5000,40109,16,6,5000,0,603
5000,40109,16,7,5000,0,155
5000,40109,16,8,5000,0,42
5000,40109,16,9,5000,0,14
5000,40109,16,10,5000,0,7
5000,40109,16,11,5000,0,1
5000,40109,16,12,5000,0,0
5000,40109,16,13,5000,0,0
5000,40109,16,14,5000,0,0
5000,40109,16,15,5000,0,0
5000,40109,16,16,5000,0,0
5000,40109,16,17,5000,0,0
5000,40109,16,18,5000,0,0
5000,40109,16,19,5000,0,0
5000,40109,16,20,5000,0,0
5000,40109,16,1,79,74,0
5000,40109,16,2,894,815,21
5000,40109,16,3,4397,3503,220
5000,40109,16,4,5000,603,1054
5000,40109,16,5,5000,0,936
5000,40109,16,6,5000,0,684
5000,40109,16,7,5000,0,489
5000,40109,16,8,5000,0,405
5000,40109,16,9,5000,0,313
5000,40109,16,10,5000,0,209
5000,40109,16,11,5000,0,175
5000,40109,16,12,5000,0,126
5000,40109,16,13,5000,0,102
5000,40109,16,14,5000,0,65
5000,40109,16,15,5000,0,44
5000,40109,16,16,5000,0,38
5000,40109,16,17,5000,0,21
5000,40109,16,18,5000,0,24
5000,40109,16,19,5000,0,19
5000,40109,16,20,5000,0,14
5000,40109,16,21,5000,0,13
5000,40109,16,22,5000,0,9
5000,40109,16,23,5000,0,7
5000,40109,16,24,5000,0,3
5000,40109,16,25,5000,0,3
5000,40109,16,26,5000,0,0
5000,40109,16,27,5000,0,1
5000,40109,16,28,5000,0,1
5000,40109,16,29,5000,0,1
5000,40109,16,30,5000,0,1
5000,40109,16,31,5000,0,1
5000,40109,16,32,5000,0,0
5000,40109,16,33,5000,0,0
5000,40109,16,34,5000,0,0
5000,40109,16,35,5000,0,0
5000,40109,16,36,5000,0,0
5000,40109,16,37,5000,0,0
5000,40109,16,38,5000,0,1
5000,40109,16,39,5000,0,0
5000,40109,16,40,5000,0,0
5000,40109,16,41,5000,0,0
5000,40109,16,42,5000,0,0
5000,40109,16,43,5000,0,0
5000,40109,16,44,5000,0,0
5000,40109,16,45,5000,0,0
5000,40109,16,46,5000,0,0
5000,40109,16,47,5000,0,0
5000,40109,16,1,50,45,2
5000,40109,16,2,591,541,28
5000,40109,16,3,3762,3171,274
5000,40109,16,4,4999,1237,1736
5000,40109,16,5,5000,1,1516
5000,40109,16,6,5000,0,709
5000,40109,16,7,5000,0,367
5000,40109,16,8,5000,0,200
5000,40109,16,9,5000,0,87
5000,40109,16,10,5000,0,41
5000,40109,16,11,5000,0,20
5000,40109,16,12,5000,0,14
5000,40109,16,13,5000,0,5
5000,40109,16,14,5000,0,0
5000,40109,16,15,5000,0,1
5000,40109,16,16,5000,0,0
5000,40109,16,17,5000,0,0
5000,40109,16,18,5000,0,0
5000,40109,16,19,5000,0,0
5000,40109,16,20,5000,0,0
5000,40109,16,21,5000,0,0
5000,40109,16,22,5000,0,0
5000,40109,16,23,5000,0,0
5000,40109,16,24,5000,0,0
5000,40109,16,1,58,53,3
5000,40109,16,2,678,620,44
5000,40109,16,3,4074,3396,474
5000,40109,16,4,4999,925,2652
5000,40109,16,5,5000,1,1335
5000,40109,16,6,5000,0,363
5000,40109,16,7,5000,0,106
5000,40109,16,8,5000,0,19
5000,40109,16,9,5000,0,2
5000,40109,16,10,5000,0,2
5000,40109,16,11,5000,0,0
5000,40109,16,12,5000,0,0
5000,40109,16,13,5000,0,0
5000,40109,16,14,5000,0,0
5000,40109,16,15,5000,0,0
5000,40109,16,16,5000,0,0
5000,40109,16,17,5000,0,0
5000,40109,16,18,5000,0,0
5000,40109,16,19,5000,0,0
10000,9975,2,1,6,1,1
10000,9975,2,2,8,2,1
10000,9975,2,3,10,2,1
10000,9975,2,4,14,4,3
10000,9975,2,5,20,6,2
10000,9975,2,6,25,5,2
10000,9975,2,7,29,4,6
10000,9975,2,8,31,2,4
10000,9975,2,9,33,2,5
10000,9975,2,10,36,3,5
10000,9975,2,11,37,1,1
10000,9975,2,12,40,3,3
10000,9975,2,13,43,3,1
10000,9975,2,14,48,5,1
10000,9975,2,15,53,5,2
10000,9975,2,16,56,3,5
10000,9975,2,17,59,3,3
10000,9975,2,18,60,1,3
10000,9975,2,19,62,2,2
10000,9975,2,20,63,1,2
10000,9975,2,21,68,5,1
10000,9975,2,22,70,2,2
10000,9975,2,23,77,7,5
10000,9975,2,24,81,4,6
10000,9975,2,25,83,2,2
10000,9975,2,26,85,2,5
10000,9975,2,27,89,4,4
10000,9975,2,28,92,3,2
10000,9975,2,29,96,4,3
10000,9975,2,30,104,8,4
10000,9975,2,31,112,8,6
10000,9975,2,32,121,9,7
10000,9975,2,33,130,9,2
10000,9975,2,34,138,8,6
10000,9975,2,35,148,10,7
10000,9975,2,36,161,13,7
10000,9975,2,37,177,16,10
10000,9975,2,38,189,12,11
10000,9975,2,39,206,17,12
10000,9975,2,40,223,17,14
10000,9975,2,41,246,23,14
10000,9975,2,42,267,21,11
10000,9975,2,43,289,22,11
10000,9975,2,44,309,20,24
10000,9975,2,45,335,26,21
10000,9975,2,46,358,23,17
10000,9975,2,47,392,34,14
10000,9975,2,48,435,43,22
10000,9975,2,49,476,41,32
10000,9975,2,50,512,36,39
10000,9975,2,51,548,36,35
10000,9975,2,52,587,39,39
10000,9975,2,53,627,40,34
10000,9975,2,54,668,41,27
10000,9975,2,55,705,37,42
10000,9975,2,56,739,34,43
10000,9975,2,57,776,37,36
10000,9975,2,58,813,37,40
10000,9975,2,59,853,40,37
10000,9975,2,60,879,26,32
10000,9975,2,61,921,42,40
10000,9975,2,62,964,43,28
10000,9975,2,63,1004,40,40
10000,9975,2,64,1043,39,34
10000,9975,2,65,1089,46,37
10000,9975,2,66,1135,46,49
10000,9975,2,67,1172,37,39
10000,9975,2,68,1215,43,51
10000,9975,2,69,1247,32,40
10000,9975,2,70,1287,40,35
10000,9975,2,71,1321,34,43
10000,9975,2,72,1359,38,36
10000,9975,2,73,1397,38,39
10000,9975,2,74,1433,36,30
10000,9975,2,75,1469,36,35
10000,9975,2,76,1500,31,29
10000,9975,2,77,1534,34,44
10000,9975,2,78,1565,31,43
10000,9975,2,79,1585,20,26
10000,9975,2,80,1605,20,35
10000,9975,2,81,1627,22,36
10000,9975,2,82,1649,22,24
10000,9975,2,83,1671,22,19
10000,9975,2,84,1699,28,22
10000,9975,2,85,1721,22,20
10000,9975,2,86,1743,22,27
10000,9975,2,87,1759,16,35
10000,9975,2,88,1773,14,22
10000,9975,2,89,1795,22,27
10000,9975,2,90,1815,20,18
10000,9975,2,91,1829,14,17
10000,9975,2,92,1844,15,27
10000,9975,2,93,1854,10,15
10000,9975,2,94,1863,9,15
10000,9975,2,95,1871,8,16
10000,9975,2,96,1881,10,8
10000,9975,2,97,1889,8,10
10000,9975,2,98,1898,9,7
10000,9975,2,99,1912,14,11
10000,9975,2,100,1917,5,12
10000,9975,2,101,1929,12,10
10000,9975,2,102,1940,11,5
10000,9975,2,103,1955,15,13
10000,9975,2,104,1972,17,11
10000,9975,2,105,1988,16,13
10000,9975,2,106,2008,20,15
10000,9975,2,107,2023,15,12
10000,9975,2,108,2033,10,19
10000,9975,2,109,2047,14,6
10000,9975,2,110,2059,12,16
10000,9975,2,111,2065,6,17
10000,9975,2,112,2069,4,15
10000,9975,2,113,2082,13,8
10000,9975,2,114,2091,9,13
10000,9975,2,115,2097,6,7
10000,9975,2,116,2108,11,7
10000,9975,2,117,2115,7,9
10000,9975,2,118,2120,5,11
10000,9975,2,119,2123,3,8
10000,9975,2,120,2127,4,10
10000,9975,2,121,2131,4,8
10000,9975,2,122,2137,6,1
10000,9975,2,123,2143,6,5
10000,9975,2,124,2148,5,4
10000,9975,2,125,2152,4,4
10000,9975,2,126,2157,5,4
10000,9975,2,127,2162,5,5
10000,9975,2,128,2170,8,5
10000,9975,2,129,2177,7,11
10000,9975,2,130,2180,3,7
10000,9975,2,131,2186,6,3
10000,9975,2,132,2191,5,5
10000,9975,2,133,2194,3,4
10000,9975,2,134,2197,3,4
10000,9975,2,135,2199,2,9
10000,9975,2,136,2202,3,3
10000,9975,2,137,2203,1,3
10000,9975,2,138,2205,2,5
10000,9975,2,139,2205,0,5
10000,9975,2,140,2205,0,0
10000,9975,2,141,2205,0,0
10000,9975,2,142,2206,1,2
10000,9975,2,143,2207,1,1
10000,9975,2,144,2208,1,2
10000,9975,2,145,2209,1,0
10000,9975,2,146,2210,1,0
10000,9975,2,147,2212,2,2
10000,9975,2,148,2212,0,0
10000,9975,2,149,2213,1,1
10000,9975,2,150,2213,0,0
10000,9975,2,151,2213,0,1
10000,9975,2,152,2213,0,0
10000,9975,2,153,2213,0,1
10000,9975,2,154,2213,0,0
10000,9975,2,155,2213,0,1
10000,9975,2,156,2213,0,0
10000,9975,2,157,2213,0,1
10000,9975,2,158,2213,0,0
10000,9975,2,159,2213,0,0
10000,9975,2,160,2213,0,0
10000,9975,2,161,2213,0,1
10000,9975,2,162,2213,0,0
10000,9975,2,163,2213,0,0
10000,9975,2,164,2213,0,0
10000,9975,2,165,2213,0,0
10000,9975,2,166,2213,0,0
10000,9975,2,167,2213,0,0
10000,9975,2,168,2213,0,0
10000,9975,2,169,2213,0,0
10000,9975,2,170,2213,0,0
10000,9975,2,1,6,1,3
10000,9975,2,2,6,0,3
10000,9975,2,3,6,0,0
10000,9975,2,4,6,0,0
10000,9975,2,5,6,0,0
10000,9975,2,6,6,0,0
10000,9975,2,7,6,0,0
10000,9975,2,8,6,0,0
10000,9975,2,9,6,0,0
10000,9975,2,10,6,0,0
10000,9975,2,11,6,0,0
10000,9975,2,1,11,6,4
10000,9975,2,2,16,5,4
10000,9975,2,3,20,4,7
10000,9975,2,4,23,3,4
10000,9975,2,5,24,1,3
10000,9975,2,6,24,0,2
10000,9975,2,7,24,0,0
10000,9975,2,8,24,0,0
10000,9975,2,9,24,0,0
10000,9975,2,10,24,0,0
10000,9975,2,11,24,0,0
10000,9975,2,12,24,0,0
10000,9975,2,13,24,0,0
10000,9975,2,14,24,0,0
10000,9975,2,15,24,0,0
10000,9975,2,1,11,6,1
10000,9975,2,2,21,10,3
10000,9975,2,3,28,7,4
10000,9975,2,4,38,10,3
10000,9975,2,5,60,22,7
10000,9975,2,6,91,31,8
10000,9975,2,7,138,47,15
10000,9975,2,8,204,66,29
10000,9975,2,9,302,98,31
10000,9975,2,10,407,105,44
10000,9975,2,11,545,138,64
10000,9975,2,12,754,209,71
10000,9975,2,13,1008,254,128
10000,9975,2,14,1327,319,134
10000,9975,2,15,1681,354,229
10000,9975,2,16,2092,411,220
10000,9975,2,17,2550,458,266
10000,9975,2,18,3065,515,317
10000,9975,2,19,3589,524,371
10000,9975,2,20,4094,505,435
10000,9975,2,21,4531,437,428
10000,9975,2,22,4914,383,412
10000,9975,2,23,5236,322,409
10000,9975,2,24,5494,258,407
10000,9975,2,25,5708,214,353
10000,9975,2,26,5871,163,337
10000,9975,2,27,5999,128,285
10000,9975,2,28,6093,94,240
10000,9975,2,29,6171,78,204
10000,9975,2,30,6225,54,183
10000,9975,2,31,6265,40,139
10000,9975,2,32,6295,30,124
10000,9975,2,33,6322,27,109
10000,9975,2,34,6336,14,75
10000,9975,2,35,6350,14,63
10000,9975,2,36,6361,11,57
10000,9975,2,37,6369,8,38
10000,9975,2,38,6372,3,31
10000,9975,2,39,6375,3,28
10000,9975,2,40,6377,2,10
10000,9975,2,41,6379,2,26
10000,9975,2,42,6380,1,10
10000,9975,2,43,6380,0,12
10000,9975,2,44,6381,1,8
10000,9975,2,45,6381,0,5
10000,9975,2,46,6381,0,2
10000,9975,2,47,6381,0,2
10000,9975,2,48,6381,0,0
10000,9975,2,49,6381,0,0
10000,9975,2,50,6381,0,4
10000,9975,2,51,6381,0,0
10000,9975,2,52,6381,0,0
10000,9975,2,53,6381,0,0
10000,9975,2,54,6381,0,0
10000,9975,2,55,6381,0,0
10000,9975,2,56,6381,0,0
10000,9975,2,57,6381,0,0
10000,9975,2,58,6381,0,0
10000,9975,2,59,6381,0,0
10000,9975,2,1,9,4,3
10000,9975,2,2,12,3,2
10000,9975,2,3,14,2,3
10000,9975,2,4,18,4,4
10000,9975,2,5,21,3,2
10000,9975,2,6,26,5,0
10000,9975,2,7,36,10,5
10000,9975,2,8,49,13,9
10000,9975,2,9,63,14,6
10000,9975,2,10,84,21,16
10000,9975,2,11,110,26,21
10000,9975,2,12,138,28,26
10000,9975,2,13,178,40,17
10000,9975,2,14,232,54,32
10000,9975,2,15,306,74,50
10000,9975,2,16,379,73,60
10000,9975,2,17,473,94,68
10000,9975,2,18,578,105,77
10000,9975,2,19,715,137,90
10000,9975,2,20,898,183,118
10000,9975,2,21,1087,189,149
10000,9975,2,22,1279,192,167
10000,9975,2,23,1486,207,169
10000,9975,2,24,1741,255,190
10000,9975,2,25,2000,259,235
10000,9975,2,26,2279,279,234
10000,9975,2,27,2524,245,249
10000,9975,2,28,2778,254,261
10000,9975,2,29,3011,233,262
10000,9975,2,30,3220,209,238
10000,9975,2,31,3399,179,197
10000,9975,2,32,3578,179,221
10000,9975,2,33,3721,143,198
10000,9975,2,34,3850,129,165
10000,9975,2,35,3962,112,165
10000,9975,2,36,4052,90,133
10000,9975,2,37,4125,73,115
10000,9975,2,38,4189,64,81
10000,9975,2,39,4243,54,61
10000,9975,2,40,4278,35,72
10000,9975,2,41,4303,25,52
10000,9975,2,42,4320,17,46
10000,9975,2,43,4338,18,22
10000,9975,2,44,4349,11,27
10000,9975,2,45,4360,11,12
10000,9975,2,46,4370,10,16
10000,9975,2,47,4380,10,11
10000,9975,2,48,4383,3,10
10000,9975,2,49,4386,3,6
10000,9975,2,50,4388,2,3
10000,9975,2,51,4390,2,7
10000,9975,2,52,4391,1,4
10000,9975,2,53,4392,1,1
10000,9975,2,54,4394,2,1
10000,9975,2,55,4396,2,2
10000,9975,2,56,4398,2,0
10000,9975,2,57,4398,0,4
10000,9975,2,58,4400,2,3
10000,9975,2,59,4403,3,1
10000,9975,2,60,4405,2,4
10000,9975,2,61,4408,3,1
10000,9975,2,62,4408,0,1
10000,9975,2,63,4408,0,2
10000,9975,2,64,4409,1,0
10000,9975,2,65,4409,0,1
10000,9975,2,66,4409,0,1
10000,9975,2,67,4409,0,0
10000,9975,2,68,4409,0,0
10000,9975,2,69,4409,0,0
10000,9975,2,70,4409,0,0
10000,9975,2,71,4409,0,0
10000,9975,2,72,4409,0,0
10000,9975,2,73,4409,0,0
10000,9975,2,74,4409,0,0
10000,9975,2,75,4409,0,0
10000,9975,2,1,10,5,3
10000,9975,2,2,16,6,6
10000,9975,2,3,21,5,4
10000,9975,2,4,27,6,5
10000,9975,2,5,35,8,8
10000,9975,2,6,41,6,6
10000,9975,2,7,50,9,5
10000,9975,2,8,58,8,9
10000,9975,2,9,70,12,7
10000,9975,2,10,79,9,13
10000,9975,2,11,91,12,12
10000,9975,2,12,107,16,9
10000,9975,2,13,128,21,17
10000,9975,2,14,156,28,20
10000,9975,2,15,192,36,25
10000,9975,2,16,232,40,35
10000,9975,2,17,264,32,31
10000,9975,2,18,305,41,40
10000,9975,2,19,342,37,38
10000,9975,2,20,376,34,35
10000,9975,2,21,419,43,35
10000,9975,2,22,462,43,40
10000,9975,2,23,523,61,39
10000,9975,2,24,581,58,56
10000,9975,2,25,645,64,71
10000,9975,2,26,725,80,58
10000,9975,2,27,800,75,78
10000,9975,2,28,858,58,69
10000,9975,2,29,917,59,66
10000,9975,2,30,990,73,61
10000,9975,2,31,1065,75,72
10000,9975,2,32,1135,70,70
10000,9975,2,33,1205,70,66
10000,9975,2,34,1272,67,73
10000,9975,2,35,1330,58,66
10000,9975,2,36,1385,55,62
10000,9975,2,37,1433,48,59
10000,9975,2,38,1477,44,45
10000,9975,2,39,1520,43,50
10000,9975,2,40,1562,42,35
10000,9975,2,41,1600,38,49
10000,9975,2,42,1633,33,44
10000,9975,2,43,1666,33,27
10000,9975,2,44,1704,38,37
10000,9975,2,45,1734,30,32
10000,9975,2,46,1760,26,37
10000,9975,2,47,1782,22,19
10000,9975,2,48,1799,17,31
10000,9975,2,49,1812,13,19
10000,9975,2,50,1829,17,12
10000,9975,2,51,1844,15,18
10000,9975,2,52,1856,12,19
10000,9975,2,53,1865,9,9
10000,9975,2,54,1877,12,10
10000,9975,2,55,1888,11,11
10000,9975,2,56,1895,7,11
10000,9975,2,57,1905,10,11
10000,9975,2,58,1916,11,7
10000,9975,2,59,1924,8,13
10000,9975,2,60,1932,8,6
10000,9975,2,61,1943,11,9
10000,9975,2,62,1949,6,11
10000,9975,2,63,1954,5,6
10000,9975,2,64,1956,2,4
10000,9975,2,65,1956,0,3
10000,9975,2,66,1956,0,0
10000,9975,2,67,1956,0,2
10000,9975,2,68,1956,0,0
10000,9975,2,69,1956,0,0
10000,9975,2,70,1956,0,0
10000,9975,2,71,1956,0,0
10000,9975,2,72,1956,0,0
10000,9975,2,73,1956,0,0
10000,9975,2,74,1956,0,0
10000,9975,2,75,1956,0,0
10000,9975,2,76,1956,0,0
10000,9975,2,1,13,8,2
10000,9975,2,2,32,19,4
10000,9975,2,3,55,23,7
10000,9975,2,4,102,47,5
10000,9975,2,5,188,86,15
10000,9975,2,6,332,144,34
10000,9975,2,7,562,230,70
10000,9975,2,8,904,342,111
10000,9975,2,9,1391,487,165
10000,9975,2,10,2060,669,237
10000,9975,2,11,2938,878,361
10000,9975,2,12,3921,983,543
10000,9975,2,13,4931,1010,576
10000,9975,2,14,5759,828,672
10000,9975,2,15,6376,617,715
10000,9975,2,16,6818,442,706
10000,9975,2,17,7091,273,669
10000,9975,2,18,7248,157,508
10000,9975,2,19,7336,88,463
10000,9975,2,20,7392,56,389
10000,9975,2,21,7416,24,292
10000,9975,2,22,7429,13,209
10000,9975,2,23,7435,6,161
10000,9975,2,24,7440,5,133
10000,9975,2,25,7440,0,102
10000,9975,2,26,7441,1,74
10000,9975,2,27,7441,0,59
10000,9975,2,28,7442,1,45
10000,9975,2,29,7442,0,22
10000,9975,2,30,7442,0,28
10000,9975,2,31,7442,0,13
10000,9975,2,32,7442,0,12
10000,9975,2,33,7442,0,13
10000,9975,2,34,7442,0,9
10000,9975,2,35,7442,0,3
10000,9975,2,36,7442,0,4
10000,9975,2,37,7442,0,5
10000,9975,2,38,7442,0,2
10000,9975,2,39,7442,0,1
10000,9975,2,40,7442,0,1
10000,9975,2,41,7442,0,0
10000,9975,2,42,7442,0,0
10000,9975,2,43,7442,0,0
10000,9975,2,44,7442,0,0
10000,9975,2,45,7442,0,0
10000,9975,2,46,7442,0,0
10000,9975,2,47,7442,0,0
10000,9975,2,48,7442,0,1
10000,9975,2,49,7442,0,0
10000,9975,2,50,7442,0,0
10000,9975,2,51,7442,0,0
10000,9975,2,52,7442,0,0
10000,9975,2,53,7442,0,0
10000,9975,2,54,7442,0,1
10000,9975,2,55,7442,0,0
10000,9975,2,56,7442,0,0
10000,9975,2,57,7442,0,0
10000,9975,2,58,7442,0,0
10000,9975,2,59,7442,0,0
10000,9975,2,60,7442,0,0
10000,9975,2,61,7442,0,0
10000,9975,2,62,7442,0,0
10000,9975,2,63,7442,0,0
10000,9975,2,1,9,4,2
10000,9975,2,2,18,9,4
10000,9975,2,3,33,15,5
10000,9975,2,4,66,33,10
10000,9975,2,5,118,52,27
10000,9975,2,6,196,78,30
10000,9975,2,7,319,123,58
10000,9975,2,8,528,209,101
10000,9975,2,9,838,310,138
10000,9975,2,10,1269,431,229
10000,9975,2,11,1870,601,322
10000,9975,2,12,2630,760,484
10000,9975,2,13,3524,894,655
10000,9975,2,14,4417,893,744
10000,9975,2,15,5207,790,823
10000,9975,2,16,5828,621,787
10000,9975,2,17,6263,435,706
10000,9975,2,18,6543,280,583
10000,9975,2,19,6723,180,412
10000,9975,2,20,6837,114,300
10000,9975,2,21,6909,72,203
10000,9975,2,22,6953,44,142
10000,9975,2,23,6972,19,100
10000,9975,2,24,6989,17,52
10000,9975,2,25,7001,12,37
10000,9975,2,26,7004,3,24
10000,9975,2,27,7006,2,13
10000,9975,2,28,7009,3,10
10000,9975,2,29,7013,4,1
10000,9975,2,30,7013,0,4
10000,9975,2,31,7013,0,4
10000,9975,2,32,7013,0,0
10000,9975,2,33,7013,0,1
10000,9975,2,34,7013,0,0
10000,9975,2,35,7013,0,1
10000,9975,2,36,7013,0,0
10000,9975,2,37,7013,0,1
10000,9975,2,38,7013,0,0
10000,9975,2,39,7013,0,0
10000,9975,2,40,7013,0,0
10000,9975,2,41,7013,0,0
10000,9975,2,42,7013,0,0
10000,9975,2,43,7013,0,0
10000,9975,2,44,7013,0,0
10000,9975,2,45,7013,0,0
10000,9975,2,46,7013,0,0
10000,9975,2,1,11,6,4
10000,9975,2,2,18,7,5
10000,9975,2,3,27,9,8
10000,9975,2,4,42,15,8
10000,9975,2,5,64,22,11
10000,9975,2,6,91,27,20
10000,9975,2,7,129,38,24
10000,9975,2,8,179,50,38
10000,9975,2,9,263,84,47
10000,9975,2,10,370,107,85
10000,9975,2,11,529,159,87
10000,9975,2,12,746,217,146
10000,9975,2,13,1056,310,201
10000,9975,2,14,1503,447,280
10000,9975,2,15,2050,547,389
10000,9975,2,16,2768,718,515
10000,9975,2,17,3534,766,672
10000,9975,2,18,4253,719,747
10000,9975,2,19,4926,673,720
10000,9975,2,20,5427,501,670
10000,9975,2,21,5770,343,574
10000,9975,2,22,6000,230,379
10000,9975,2,23,6138,138,279
10000,9975,2,24,6233,95,168
10000,9975,2,25,6300,67,128
10000,9975,2,26,6338,38,72
10000,9975,2,27,6361,23,45
10000,9975,2,28,6377,16,30
10000,9975,2,29,6387,10,18
10000,9975,2,30,6389,2,12
10000,9975,2,31,6391,2,6
10000,9975,2,32,6394,3,3
10000,9975,2,33,6394,0,2
10000,9975,2,34,6394,0,1
10000,9975,2,35,6394,0,0
10000,9975,2,36,6394,0,0
10000,9975,2,37,6394,0,0
10000,9975,2,38,6394,0,0
10000,9975,2,39,6394,0,0
10000,9975,2,40,6394,0,0
10000,9975,2,41,6394,0,0
10000,9975,2,42,6394,0,0
10000,9975,2,43,6394,0,0
10000,40037,8,1,12,7,1
10000,40037,8,2,27,15,1
10000,40037,8,3,70,43,7
10000,40037,8,4,176,106,14
10000,40037,8,5,411,235,44
10000,40037,8,6,1012,601,100
10000,40037,8,7,2348,1336,225
10000,40037,8,8,4661,2313,479
10000,40037,8,9,7208,2547,961
10000,40037,8,10,8820,1612,1296
10000,40037,8,11,9480,660,1355
10000,40037,8,12,9713,233,1251
10000,40037,8,13,9800,87,985
10000,40037,8,14,9840,40,778
10000,40037,8,15,9872,32,571
10000,40037,8,16,9877,5,459
10000,40037,8,17,9882,5,309
10000,40037,8,18,9883,1,260
10000,40037,8,19,9883,0,211
10000,40037,8,20,9885,2,146
10000,40037,8,21,9885,0,119
10000,40037,8,22,9885,0,59
10000,40037,8,23,9885,0,64
10000,40037,8,24,9885,0,50
10000,40037,8,25,9885,0,38
10000,40037,8,26,9885,0,26
10000,40037,8,27,9885,0,18
10000,40037,8,28,9885,0,14
10000,40037,8,29,9885,0,6
10000,40037,8,30,9885,0,6
10000,40037,8,31,9885,0,10
10000,40037,8,32,9885,0,9
10000,40037,8,33,9885,0,2
10000,40037,8,34,9885,0,2
10000,40037,8,35,9885,0,3
10000,40037,8,36,9885,0,0
10000,40037,8,37,9885,0,3
10000,40037,8,38,9885,0,0
10000,40037,8,39,9885,0,1
10000,40037,8,40,9885,0,0
10000,40037,8,41,9885,0,0
10000,40037,8,42,9885,0,0
10000,40037,8,43,9885,0,1
10000,40037,8,44,9885,0,0
10000,40037,8,45,9885,0,0
10000,40037,8,46,9885,0,1
10000,40037,8,47,9885,0,0
10000,40037,8,48,9885,0,0
10000,40037,8,49,9885,0,0
10000,40037,8,50,9885,0,0
10000,40037,8,51,9885,0,0
10000,40037,8,52,9885,0,0
10000,40037,8,53,9885,0,0
10000,40037,8,54,9885,0,0
10000,40037,8,55,9885,0,0
10000,40037,8,1,19,14,0
10000,40037,8,2,46,27,13
10000,40037,8,3,102,56,21
10000,40037,8,4,236,134,37
10000,40037,8,5,521,285,81
10000,40037,8,6,1146,625,181
10000,40037,8,7,2454,1308,411
10000,40037,8,8,4520,2066,847
10000,40037,8,9,6843,2323,1492
10000,40037,8,10,8415,1572,1878
10000,40037,8,11,9124,709,1719
10000,40037,8,12,9368,244,1216
10000,40037,8,13,9465,97,753
10000,40037,8,14,9506,41,419
10000,40037,8,15,9528,22,218
10000,40037,8,16,9541,13,116
10000,40037,8,17,9544,3,69
10000,40037,8,18,9547,3,32
10000,40037,8,19,9548,1,20
10000,40037,8,20,9548,0,11
10000,40037,8,21,9549,1,7
10000,40037,8,22,9549,0,3
10000,40037,8,23,9550,1,3
10000,40037,8,24,9550,0,2
10000,40037,8,25,9550,0,1
10000,40037,8,26,9550,0,0
10000,40037,8,27,9550,0,0
10000,40037,8,28,9550,0,0
10000,40037,8,29,9550,0,0
10000,40037,8,30,9550,0,0
10000,40037,8,31,9550,0,0
10000,40037,8,32,9550,0,0
10000,40037,8,33,9550,0,0
10000,40037,8,34,9550,0,0
10000,40037,8,1,19,14,4
10000,40037,8,2,50,31,11
10000,40037,8,3,125,75,24
10000,40037,8,4,291,166,67
10000,40037,8,5,640,349,133
10000,40037,8,6,1410,770,304
10000,40037,8,7,2736,1326,650
10000,40037,8,8,4570,1834,1155
10000,40037,8,9,6416,1846,1657
10000,40037,8,10,7748,1332,1806
10000,40037,8,11,8377,629,1439
10000,40037,8,12,8649,272,838
10000,40037,8,13,8762,113,413
10000,40037,8,14,8805,43,189
10000,40037,8,15,8829,24,82
10000,40037,8,16,8841,12,37
10000,40037,8,17,8845,4,20
10000,40037,8,18,8848,3,13
10000,40037,8,19,8849,1,3
10000,40037,8,20,8849,0,3
10000,40037,8,21,8849,0,1
10000,40037,8,22,8849,0,0
10000,40037,8,23,8849,0,0
10000,40037,8,24,8849,0,0
10000,40037,8,25,8849,0,0
10000,40037,8,26,8849,0,0
10000,40037,8,27,8849,0,0
10000,40037,8,28,8849,0,0
10000,40037,8,29,8849,0,0
10000,40037,8,30,8849,0,0
10000,40037,8,1,25,20,1
10000,40037,8,2,93,68,8
10000,40037,8,3,373,280,23
10000,40037,8,4,1498,1125,64
10000,40037,8,5,4805,3307,364
10000,40037,8,6,8868,4063,1064
10000,40037,8,7,9868,1000,1819
10000,40037,8,8,9961,93,1619
10000,40037,8,9,9977,16,1233
10000,40037,8,10,9982,5,954
10000,40037,8,11,9983,1,676
10000,40037,8,12,9983,0,528
10000,40037,8,13,9983,0,385
10000,40037,8,14,9983,0,336
10000,40037,8,15,9983,0,243
10000,40037,8,16,9983,0,150
10000,40037,8,17,9983,0,133
10000,40037,8,18,9983,0,99
10000,40037,8,19,9983,0,76
10000,40037,8,20,9983,0,54
10000,40037,8,21,9983,0,34
10000,40037,8,22,9983,0,33
10000,40037,8,23,9983,0,23
10000,40037,8,24,9983,0,14
10000,40037,8,25,9983,0,13
10000,40037,8,26,9983,0,4
10000,40037,8,27,9983,0,8
10000,40037,8,28,9983,0,8
10000,40037,8,29,9983,0,3
10000,40037,8,30,9983,0,5
10000,40037,8,31,9983,0,3
10000,40037,8,32,9983,0,2
10000,40037,8,33,9983,0,1
10000,40037,8,34,9983,0,1
10000,40037,8,35,9983,0,0
10000,40037,8,36,9983,0,1
10000,40037,8,37,9983,0,0
10000,40037,8,38,9983,0,0
10000,40037,8,39,9983,0,0
10000,40037,8,40,9983,0,0
10000,40037,8,41,9983,0,0
10000,40037,8,42,9983,0,0
10000,40037,8,43,9983,0,1
10000,40037,8,44,9983,0,0
10000,40037,8,45,9983,0,0
10000,40037,8,46,9983,0,0
10000,40037,8,47,9983,0,0
10000,40037,8,48,9983,0,0
10000,40037,8,49,9983,0,0
10000,40037,8,50,9983,0,0
10000,40037,8,51,9983,0,0
10000,40037,8,52,9983,0,0
10000,40037,8,1,22,17,4
10000,40037,8,2,89,67,5
10000,40037,8,3,366,277,39
10000,40037,8,4,1417,1051,168
10000,40037,8,5,4474,3057,616
10000,40037,8,6,8548,4074,1793
10000,40037,8,7,9813,1265,2959
10000,40037,8,8,9936,123,2155
10000,40037,8,9,9952,16,1098
10000,40037,8,10,9956,4,573
10000,40037,8,11,9957,1,264
10000,40037,8,12,9957,0,139
10000,40037,8,13,9957,0,67
10000,40037,8,14,9957,0,35
10000,40037,8,15,9957,0,26
10000,40037,8,16,9957,0,8
10000,40037,8,17,9957,0,6
10000,40037,8,18,9957,0,1
10000,40037,8,19,9957,0,0
10000,40037,8,20,9957,0,1
10000,40037,8,21,9957,0,0
10000,40037,8,22,9957,0,0
10000,40037,8,23,9957,0,0
10000,40037,8,24,9957,0,0
10000,40037,8,25,9957,0,0
10000,40037,8,26,9957,0,0
10000,40037,8,27,9957,0,0
10000,40037,8,28,9957,0,0
10000,40037,8,29,9957,0,0
10000,40037,8,1,30,25,5
10000,40037,8,2,114,84,20
10000,40037,8,3,442,328,68
10000,40037,8,4,1596,1154,272
10000,40037,8,5,4835,3239,917
10000,40037,8,6,8672,3837,2650
10000,40037,8,7,9738,1066,3564
10000,40037,8,8,9853,115,1695
10000,40037,8,9,9872,19,491
10000,40037,8,10,9876,4,133
10000,40037,8,11,9876,0,42
10000,40037,8,12,9876,0,16
10000,40037,8,13,9876,0,2
10000,40037,8,14,9876,0,1
10000,40037,8,15,9876,0,0
10000,40037,8,16,9876,0,0
10000,40037,8,17,9876,0,0
10000,40037,8,18,9876,0,0
10000,40037,8,19,9876,0,0
10000,40037,8,20,9876,0,0
10000,40037,8,21,9876,0,0
10000,40037,8,22,9876,0,0
10000,40037,8,23,9876,0,0
10000,40037,8,1,45,40,1
10000,40037,8,2,302,257,9
10000,40037,8,3,1753,1451,76
10000,40037,8,4,6643,4890,409
10000,40037,8,5,9830,3187,1513
10000,40037,8,6,9984,154,1901
10000,40037,8,7,9995,11,1521
10000,40037,8,8,9996,1,1140
10000,40037,8,9,9996,0,844
10000,40037,8,10,9996,0,618
10000,40037,8,11,9996,0,526
10000,40037,8,12,9996,0,379
10000,40037,8,13,9996,0,260
10000,40037,8,14,9996,0,195
10000,40037,8,15,9996,0,144
10000,40037,8,16,9996,0,108
10000,40037,8,17,9996,0,84
10000,40037,8,18,9996,0,66
10000,40037,8,19,9996,0,44
10000,40037,8,20,9996,0,38
10000,40037,8,21,9996,0,23
10000,40037,8,22,9996,0,25
10000,40037,8,23,9996,0,21
10000,40037,8,24,9996,0,15
10000,40037,8,25,9996,0,14
10000,40037,8,26,9996,0,7
10000,40037,8,27,9996,0,2
10000,40037,8,28,9996,0,3
10000,40037,8,29,9996,0,5
10000,40037,8,30,9996,0,0
10000,40037,8,31,9996,0,1
10000,40037,8,32,9996,0,2
10000,40037,8,33,9996,0,1
10000,40037,8,34,9996,0,0
10000,40037,8,35,9996,0,0
10000,40037,8,36,9996,0,0
10000,40037,8,37,9996,0,0
10000,40037,8,38,9996,0,0
10000,40037,8,39,9996,0,0
10000,40037,8,40,9996,0,0
10000,40037,8,41,9996,0,0
10000,40037,8,42,9996,0,1
10000,40037,8,43,9996,0,0
10000,40037,8,44,9996,0,0
10000,40037,8,45,9996,0,0
10000,40037,8,46,9996,0,0
10000,40037,8,47,9996,0,0
10000,40037,8,48,9996,0,0
10000,40037,8,49,9996,0,0
10000,40037,8,50,9996,0,0
10000,40037,8,51,9996,0,0
10000,40037,8,1,41,36,4
10000,40037,8,2,257,216,17
10000,40037,8,3,1484,1227,108
10000,40037,8,4,6042,4558,703
10000,40037,8,5,9793,3751,2548
10000,40037,8,6,9980,187,3245
10000,40037,8,7,9989,9,1613
10000,40037,8,8,9993,4,906
10000,40037,8,9,9993,0,399
10000,40037,8,10,9993,0,231
10000,40037,8,11,9993,0,107
10000,40037,8,12,9993,0,50
10000,40037,8,13,9993,0,32
10000,40037,8,14,9993,0,13
10000,40037,8,15,9993,0,14
10000,40037,8,16,9993,0,1
10000,40037,8,17,9993,0,1
10000,40037,8,18,9993,0,1
10000,40037,8,19,9993,0,0
10000,40037,8,20,9993,0,0
10000,40037,8,21,9993,0,0
10000,40037,8,22,9993,0,0
10000,40037,8,23,9993,0,0
10000,40037,8,24,9993,0,0
10000,40037,8,25,9993,0,0
10000,40037,8,26,9993,0,0
10000,40037,8,27,9993,0,0
10000,40037,8,1,21,16,4
10000,40037,8,2,142,121,13
10000,40037,8,3,846,704,89
10000,40037,8,4,4061,3215,550
10000,40037,8,5,9143,5082,2534
10000,40037,8,6,9970,827,4472
10000,40037,8,7,9986,16,1731
10000,40037,8,8,9988,2,447
10000,40037,8,9,9988,0,109
10000,40037,8,10,9988,0,29
10000,40037,8,11,9988,0,8
10000,40037,8,12,9988,0,2
10000,40037,8,13,9988,0,0
10000,40037,8,14,9988,0,0
10000,40037,8,15,9988,0,0
10000,40037,8,16,9988,0,0
10000,40037,8,17,9988,0,0
10000,40037,8,18,9988,0,0
10000,40037,8,19,9988,0,0
10000,40037,8,20,9988,0,0
10000,40037,8,21,9988,0,0
10000,80287,16,1,25,20,1
10000,80287,16,2,125,100,9
10000,80287,16,3,566,441,30
10000,80287,16,4,2303,1737,118
10000,80287,16,5,6543,4240,522
10000,80287,16,6,9561,3018,1445
10000,80287,16,7,9962,401,1886
10000,80287,16,8,9993,31,1436
10000,80287,16,9,9998,5,1168
10000,80287,16,10,10000,2,849
10000,80287,16,11,10000,0,650
10000,80287,16,12,10000,0,475
10000,80287,16,13,10000,0,350
10000,80287,16,14,10000,0,252
10000,80287,16,15,10000,0,209
10000,80287,16,16,10000,0,148
10000,80287,16,17,10000,0,102
10000,80287,16,18,10000,0,76
10000,80287,16,19,10000,0,81
10000,80287,16,20,10000,0,50
10000,80287,16,21,10000,0,35
10000,80287,16,22,10000,0,29
10000,80287,16,23,10000,0,18
10000,80287,16,24,10000,0,13
10000,80287,16,25,10000,0,13
10000,80287,16,26,10000,0,10
10000,80287,16,27,10000,0,3
10000,80287,16,28,10000,0,5
10000,80287,16,29,10000,0,4
10000,80287,16,30,10000,0,3
10000,80287,16,31,10000,0,2
10000,80287,16,32,10000,0,2
10000,80287,16,33,10000,0,0
10000,80287,16,34,10000,0,1
10000,80287,16,35,10000,0,1
10000,80287,16,36,10000,0,1
10000,80287,16,37,10000,0,3
10000,80287,16,38,10000,0,0
10000,80287,16,39,10000,0,0
10000,80287,16,40,10000,0,0
10000,80287,16,41,10000,0,0
10000,80287,16,42,10000,0,0
10000,80287,16,43,10000,0,0
10000,80287,16,44,10000,0,0
10000,80287,16,45,10000,0,0
10000,80287,16,46,10000,0,0
10000,80287,16,1,27,22,3
10000,80287,16,2,114,87,10
10000,80287,16,3,486,372,53
10000,80287,16,4,1896,1410,205
10000,80287,16,5,5748,3852,822
10000,80287,16,6,9299,3551,2379
10000,80287,16,7,9911,612,2941
10000,80287,16,8,9967,56,1769
10000,80287,16,9,9975,8,865
10000,80287,16,10,9979,4,434
10000,80287,16,11,9981,2,232
10000,80287,16,12,9981,0,140
10000,80287,16,13,9981,0,60
10000,80287,16,14,9982,1,36
10000,80287,16,15,9982,0,17
10000,80287,16,16,9982,0,6
10000,80287,16,17,9982,0,6
10000,80287,16,18,9982,0,2
10000,80287,16,19,9982,0,1
10000,80287,16,20,9982,0,1
10000,80287,16,21,9982,0,0
10000,80287,16,22,9982,0,0
10000,80287,16,23,9982,0,0
10000,80287,16,24,9982,0,0
10000,80287,16,25,9982,0,0
10000,80287,16,26,9982,0,0
10000,80287,16,27,9982,0,0
10000,80287,16,28,9982,0,0
10000,80287,16,29,9982,0,0
10000,80287,16,1,27,22,4
10000,80287,16,2,117,90,16
10000,80287,16,3,496,379,71
10000,80287,16,4,1899,1403,297
10000,80287,16,5,5587,3688,1148
10000,80287,16,6,9103,3516,3086
10000,80287,16,7,9829,726,3372
10000,80287,16,8,9897,68,1391
10000,80287,16,9,9918,21,375
10000,80287,16,10,9921,3,121
10000,80287,16,11,9922,1,31
10000,80287,16,12,9923,1,6
10000,80287,16,13,9923,0,5
10000,80287,16,14,9923,0,0
10000,80287,16,15,9923,0,0
10000,80287,16,16,9923,0,0
10000,80287,16,17,9923,0,0
10000,80287,16,18,9923,0,0
10000,80287,16,19,9923,0,0
10000,80287,16,20,9923,0,0
10000,80287,16,21,9923,0,0
10000,80287,16,22,9923,0,0
10000,80287,16,1,42,37,1
10000,80287,16,2,370,328,14
10000,80287,16,3,2739,2369,85
10000,80287,16,4,9021,6282,649
10000,80287,16,5,9997,976,1992
10000,80287,16,6,10000,3,1821
10000,80287,16,7,10000,0,1367
10000,80287,16,8,10000,0,1018
10000,80287,16,9,10000,0,751
10000,80287,16,10,10000,0,543
10000,80287,16,11,10000,0,458
10000,80287,16,12,10000,0,316
10000,80287,16,13,10000,0,219
10000,80287,16,14,10000,0,181
10000,80287,16,15,10000,0,149
10000,80287,16,16,10000,0,103
10000,80287,16,17,10000,0,92
10000,80287,16,18,10000,0,60
10000,80287,16,19,10000,0,46
10000,80287,16,20,10000,0,35
10000,80287,16,21,10000,0,19
10000,80287,16,22,10000,0,19
10000,80287,16,23,10000,0,16
10000,80287,16,24,10000,0,10
10000,80287,16,25,10000,0,12
10000,80287,16,26,10000,0,8
10000,80287,16,27,10000,0,4
10000,80287,16,28,10000,0,3
10000,80287,16,29,10000,0,2
10000,80287,16,30,10000,0,1
10000,80287,16,31,10000,0,1
10000,80287,16,32,10000,0,1
10000,80287,16,33,10000,0,1
10000,80287,16,34,10000,0,1
10000,80287,16,35,10000,0,2
10000,80287,16,36,10000,0,0
10000,80287,16,37,10000,0,0
10000,80287,16,38,10000,0,0
10000,80287,16,39,10000,0,0
10000,80287,16,40,10000,0,0
10000,80287,16,41,10000,0,0
10000,80287,16,42,10000,0,0
10000,80287,16,43,10000,0,0
10000,80287,16,44,10000,0,0
10000,80287,16,1,61,56,1
10000,80287,16,2,507,446,28
10000,80287,16,3,3563,3056,246
10000,80287,16,4,9495,5932,1630
10000,80287,16,5,9998,503,3813
10000,80287,16,6,10000,2,2162
10000,80287,16,7,10000,0,1075
10000,80287,16,8,10000,0,541
10000,80287,16,9,10000,0,248
10000,80287,16,10,10000,0,123
10000,80287,16,11,10000,0,79
10000,80287,16,12,10000,0,26
10000,80287,16,13,10000,0,8
10000,80287,16,14,10000,0,13
10000,80287,16,15,10000,0,6
10000,80287,16,16,10000,0,0
10000,80287,16,17,10000,0,0
10000,80287,16,18,10000,0,1
10000,80287,16,19,10000,0,0
10000,80287,16,20,10000,0,0
10000,80287,16,21,10000,0,0
10000,80287,16,22,10000,0,0
10000,80287,16,23,10000,0,0
10000,80287,16,24,10000,0,0
10000,80287,16,25,10000,0,0
10000,80287,16,26,10000,0,0
10000,80287,16,27,10000,0,0
10000,80287,16,1,55,50,4
10000,80287,16,2,450,395,34
10000,80287,16,3,3049,2599,328
10000,80287,16,4,9172,6123,2050
10000,80287,16,5,9998,826,5049
10000,80287,16,6,10000,2,1891
10000,80287,16,7,10000,0,491
10000,80287,16,8,10000,0,111
10000,80287,16,9,10000,0,35
10000,80287,16,10,10000,0,6
10000,80287,16,11,10000,0,1
10000,80287,16,12,10000,0,0
10000,80287,16,13,10000,0,0
10000,80287,16,14,10000,0,0
10000,80287,16,15,10000,0,0
10000,80287,16,16,10000,0,0
10000,80287,16,17,10000,0,0
10000,80287,16,18,10000,0,0
10000,80287,16,19,10000,0,0
10000,80287,16,20,10000,0,0
10000,80287,16,1,61,56,3
10000,80287,16,2,686,625,14
10000,80287,16,3,5602,4916,160
10000,80287,16,4,9985,4383,1350
10000,80287,16,5,10000,15,2062
10000,80287,16,6,10000,0,1582
10000,80287,16,7,10000,0,1186
10000,80287,16,8,10000,0,872
10000,80287,16,9,10000,0,678
10000,80287,16,10,10000,0,540
10000,80287,16,11,10000,0,392
10000,80287,16,12,10000,0,289
10000,80287,16,13,10000,0,212
10000,80287,16,14,10000,0,182
10000,80287,16,15,10000,0,131
10000,80287,16,16,10000,0,100
10000,80287,16,17,10000,0,71
10000,80287,16,18,10000,0,39
10000,80287,16,19,10000,0,31
10000,80287,16,20,10000,0,28
10000,80287,16,21,10000,0,18
10000,80287,16,22,10000,0,13
10000,80287,16,23,10000,0,8
10000,80287,16,24,10000,0,14
10000,80287,16,25,10000,0,8
10000,80287,16,26,10000,0,2
10000,80287,16,27,10000,0,3
10000,80287,16,28,10000,0,2
10000,80287,16,29,10000,0,3
10000,80287,16,30,10000,0,1
10000,80287,16,31,10000,0,1
10000,80287,16,32,10000,0,2
10000,80287,16,33,10000,0,0
10000,80287,16,34,10000,0,1
10000,80287,16,35,10000,0,1
10000,80287,16,36,10000,0,0
10000,80287,16,37,10000,0,0
10000,80287,16,38,10000,0,1
10000,80287,16,39,10000,0,0
10000,80287,16,40,10000,0,0
10000,80287,16,41,10000,0,0
10000,80287,16,42,10000,0,0
10000,80287,16,43,10000,0,0
10000,80287,16,44,10000,0,0
10000,80287,16,45,10000,0,0
10000,80287,16,46,10000,0,0
10000,80287,16,47,10000,0,0
10000,80287,16,1,58,53,3
10000,80287,16,2,678,620,28
10000,80287,16,3,5571,4893,358
10000,80287,16,4,9989,4418,2623
10000,80287,16,5,10000,11,3454
10000,80287,16,6,10000,0,1774
10000,80287,16,7,10000,0,912
10000,80287,16,8,10000,0,406
10000,80287,16,9,10000,0,215
10000,80287,16,10,10000,0,114
10000,80287,16,11,10000,0,48
10000,80287,16,12,10000,0,26
10000,80287,16,13,10000,0,23
10000,80287,16,14,10000,0,11
10000,80287,16,15,10000,0,4
10000,80287,16,16,10000,0,0
10000,80287,16,17,10000,0,1
10000,80287,16,18,10000,0,0
10000,80287,16,19,10000,0,0
10000,80287,16,20,10000,0,0
10000,80287,16,21,10000,0,0
10000,80287,16,22,10000,0,0
10000,80287,16,23,10000,0,0
10000,80287,16,24,10000,0,0
10000,80287,16,25,10000,0,0
10000,80287,16,26,10000,0,0
10000,80287,16,1,74,69,4
10000,80287,16,2,854,780,63
10000,80287,16,3,6432,5578,587
10000,80287,16,4,9995,3563,4358
10000,80287,16,5,10000,5,3746
10000,80287,16,6,10000,0,942
10000,80287,16,7,10000,0,235
10000,80287,16,8,10000,0,46
10000,80287,16,9,10000,0,16
10000,80287,16,10,10000,0,3
10000,80287,16,11,10000,0,0
10000,80287,16,12,10000,0,0
10000,80287,16,13,10000,0,0
10000,80287,16,14,10000,0,0
10000,80287,16,15,10000,0,0
10000,80287,16,16,10000,0,0
10000,80287,16,17,10000,0,0
10000,80287,16,18,10000,0,0
10000,80287,16,19,10000,0,0
