infProb,recProb,numvert,degrees,iteration,totalinf,newinf,newrec
0.25,0.25,500,2,1,13,8,0
0.25,0.25,500,2,2,28,15,2
0.25,0.25,500,2,3,65,37,8
0.25,0.25,500,2,4,99,34,16
0.25,0.25,500,2,5,113,14,18
0.25,0.25,500,2,6,132,19,16
0.25,0.25,500,2,7,141,9,23
0.25,0.25,500,2,8,147,6,14
0.25,0.25,500,2,9,152,5,13
0.25,0.25,500,2,10,155,3,16
0.25,0.25,500,2,11,156,1,4
0.25,0.25,500,2,12,156,0,5
0.25,0.25,500,2,13,156,0,1
0.25,0.25,500,2,14,157,1,5
0.25,0.25,500,2,15,158,1,4
0.25,0.25,500,2,16,158,0,3
0.25,0.25,500,2,17,158,0,5
0.25,0.25,500,2,18,159,1,4
0.25,0.25,500,2,19,159,0,1
0.25,0.25,500,2,20,159,0,1
0.25,0.25,500,2,21,159,0,0
0.25,0.25,500,2,22,159,0,0
0.25,0.25,500,2,23,159,0,0
0.25,0.25,500,2,24,159,0,0
0.25,0.25,500,2,25,159,0,0
0.25,0.25,500,2,26,159,0,0
0.25,0.25,500,2,27,159,0,0
0.25,0.25,500,2,28,159,0,0
0.25,0.25,500,2,29,159,0,0
0.25,0.5,500,2,1,16,11,4
0.25,0.5,500,2,2,36,20,4
0.25,0.5,500,2,3,63,27,16
0.25,0.5,500,2,4,96,33,17
0.25,0.5,500,2,5,109,13,35
0.25,0.5,500,2,6,113,4,17
0.25,0.5,500,2,7,119,6,11
0.25,0.5,500,2,8,119,0,6
0.25,0.5,500,2,9,119,0,2
0.25,0.5,500,2,10,119,0,6
0.25,0.5,500,2,11,119,0,0
0.25,0.5,500,2,12,119,0,0
0.25,0.5,500,2,13,119,0,0
0.25,0.5,500,2,14,119,0,0
0.25,0.5,500,2,15,119,0,0
0.25,0.5,500,2,16,119,0,1
0.25,0.5,500,2,17,119,0,0
0.25,0.5,500,2,18,119,0,0
0.25,0.5,500,2,19,119,0,0
0.25,0.5,500,2,20,119,0,0
0.25,0.5,500,2,21,119,0,0
0.25,0.5,500,2,22,119,0,0
0.25,0.5,500,2,23,119,0,0
0.25,0.5,500,2,24,119,0,0
0.25,0.5,500,2,25,119,0,0
0.25,0.75,500,2,1,12,7,4
0.25,0.75,500,2,2,29,17,7
0.25,0.75,500,2,3,60,31,14
0.25,0.75,500,2,4,89,29,28
0.25,0.75,500,2,5,100,11,27
0.25,0.75,500,2,6,107,7,14
0.25,0.75,500,2,7,109,2,8
0.25,0.75,500,2,8,112,3,7
0.25,0.75,500,2,9,113,1,3
0.25,0.75,500,2,10,113,0,0
0.25,0.75,500,2,11,113,0,1
0.25,0.75,500,2,12,113,0,0
0.25,0.75,500,2,13,113,0,0
0.25,0.75,500,2,14,113,0,0
0.25,0.75,500,2,15,113,0,0
0.25,0.75,500,2,16,113,0,0
0.25,0.75,500,2,17,113,0,0
0.25,0.75,500,2,18,113,0,0
0.25,0.75,500,2,19,113,0,0
0.25,0.75,500,2,20,113,0,0
0.5,0.25,500,2,1,26,21,1
0.5,0.25,500,2,2,91,65,6
0.5,0.25,500,2,3,152,61,32
0.5,0.25,500,2,4,187,35,29
0.5,0.25,500,2,5,200,13,35
0.5,0.25,500,2,6,208,8,29
0.5,0.25,500,2,7,209,1,20
0.5,0.25,500,2,8,211,2,17
0.5,0.25,500,2,9,211,0,9
0.5,0.25,500,2,10,211,0,6
0.5,0.25,500,2,11,211,0,7
0.5,0.25,500,2,12,211,0,7
0.5,0.25,500,2,13,211,0,4
0.5,0.25,500,2,14,211,0,0
0.5,0.25,500,2,15,211,0,3
0.5,0.25,500,2,16,211,0,1
0.5,0.25,500,2,17,211,0,1
0.5,0.25,500,2,18,211,0,2
0.5,0.25,500,2,19,211,0,0
0.5,0.25,500,2,20,211,0,0
0.5,0.25,500,2,21,211,0,1
0.5,0.25,500,2,22,211,0,1
0.5,0.25,500,2,23,211,0,0
0.5,0.25,500,2,24,211,0,0
0.5,0.25,500,2,25,211,0,0
0.5,0.25,500,2,26,211,0,0
0.5,0.25,500,2,27,211,0,0
0.5,0.25,500,2,28,211,0,0
0.5,0.25,500,2,29,211,0,0
0.5,0.25,500,2,30,211,0,0
0.5,0.25,500,2,31,211,0,0
0.5,0.5,500,2,1,11,6,1
0.5,0.5,500,2,2,44,33,8
0.5,0.5,500,2,3,95,51,15
0.5,0.5,500,2,4,136,41,35
0.5,0.5,500,2,5,166,30,37
0.5,0.5,500,2,6,182,16,39
0.5,0.5,500,2,7,189,7,27
0.5,0.5,500,2,8,192,3,18
0.5,0.5,500,2,9,193,1,5
0.5,0.5,500,2,10,193,0,4
0.5,0.5,500,2,11,193,0,2
0.5,0.5,500,2,12,193,0,1
0.5,0.5,500,2,13,193,0,1
0.5,0.5,500,2,14,193,0,0
0.5,0.5,500,2,15,193,0,0
0.5,0.5,500,2,16,193,0,0
0.5,0.5,500,2,17,193,0,0
0.5,0.5,500,2,18,193,0,0
0.5,0.5,500,2,19,193,0,0
0.5,0.5,500,2,20,193,0,0
0.5,0.5,500,2,21,193,0,0
0.5,0.5,500,2,22,193,0,0
0.5,0.75,500,2,1,21,16,3
0.5,0.75,500,2,2,60,39,11
0.5,0.75,500,2,3,105,45,32
0.5,0.75,500,2,4,126,21,43
0.5,0.75,500,2,5,139,13,28
0.5,0.75,500,2,6,145,6,16
0.5,0.75,500,2,7,149,4,9
0.5,0.75,500,2,8,153,4,5
0.5,0.75,500,2,9,154,1,5
0.5,0.75,500,2,10,157,3,1
0.5,0.75,500,2,11,158,1,3
0.5,0.75,500,2,12,159,1,2
0.5,0.75,500,2,13,159,0,1
0.5,0.75,500,2,14,159,0,0
0.5,0.75,500,2,15,159,0,0
0.5,0.75,500,2,16,159,0,0
0.5,0.75,500,2,17,159,0,0
0.5,0.75,500,2,18,159,0,0
0.5,0.75,500,2,19,159,0,0
0.5,0.75,500,2,20,159,0,0
0.5,0.75,500,2,21,159,0,0
0.5,0.75,500,2,22,159,0,0
0.75,0.25,500,2,1,46,41,1
0.75,0.25,500,2,2,128,82,16
0.75,0.25,500,2,3,182,54,19
0.75,0.25,500,2,4,207,25,37
0.75,0.25,500,2,5,217,10,38
0.75,0.25,500,2,6,218,1,25
0.75,0.25,500,2,7,219,1,17
0.75,0.25,500,2,8,219,0,12
0.75,0.25,500,2,9,219,0,11
0.75,0.25,500,2,10,219,0,13
0.75,0.25,500,2,11,219,0,5
0.75,0.25,500,2,12,219,0,5
0.75,0.25,500,2,13,219,0,7
0.75,0.25,500,2,14,219,0,7
0.75,0.25,500,2,15,219,0,2
0.75,0.25,500,2,16,219,0,2
0.75,0.25,500,2,17,219,0,1
0.75,0.25,500,2,18,219,0,1
0.75,0.25,500,2,19,219,0,0
0.75,0.25,500,2,20,219,0,0
0.75,0.25,500,2,21,219,0,0
0.75,0.25,500,2,22,219,0,0
0.75,0.25,500,2,23,219,0,0
0.75,0.25,500,2,24,219,0,0
0.75,0.25,500,2,25,219,0,0
0.75,0.25,500,2,26,219,0,0
0.75,0.25,500,2,27,219,0,0
0.75,0.5,500,2,1,51,46,2
0.75,0.5,500,2,2,128,77,20
0.75,0.5,500,2,3,190,62,61
0.75,0.5,500,2,4,208,18,55
0.75,0.5,500,2,5,211,3,36
0.75,0.5,500,2,6,213,2,14
0.75,0.5,500,2,7,213,0,11
0.75,0.5,500,2,8,213,0,7
0.75,0.5,500,2,9,213,0,4
0.75,0.5,500,2,10,213,0,0
0.75,0.5,500,2,11,213,0,1
0.75,0.5,500,2,12,213,0,0
0.75,0.5,500,2,13,213,0,1
0.75,0.5,500,2,14,213,0,0
0.75,0.5,500,2,15,213,0,1
0.75,0.5,500,2,16,213,0,0
0.75,0.5,500,2,17,213,0,0
0.75,0.5,500,2,18,213,0,0
0.75,0.5,500,2,19,213,0,0
0.75,0.5,500,2,20,213,0,0
0.75,0.5,500,2,21,213,0,0
0.75,0.5,500,2,22,213,0,0
0.75,0.5,500,2,23,213,0,0
0.75,0.5,500,2,24,213,0,0
0.75,0.75,500,2,1,24,19,2
0.75,0.75,500,2,2,98,74,18
0.75,0.75,500,2,3,162,64,57
0.75,0.75,500,2,4,191,29,57
0.75,0.75,500,2,5,199,8,43
0.75,0.75,500,2,6,200,1,17
0.75,0.75,500,2,7,200,0,3
0.75,0.75,500,2,8,200,0,2
0.75,0.75,500,2,9,200,0,0
0.75,0.75,500,2,10,200,0,0
0.75,0.75,500,2,11,200,0,1
0.75,0.75,500,2,12,200,0,0
0.75,0.75,500,2,13,200,0,0
0.75,0.75,500,2,14,200,0,0
0.75,0.75,500,2,15,200,0,0
0.75,0.75,500,2,16,200,0,0
0.75,0.75,500,2,17,200,0,0
0.75,0.75,500,2,18,200,0,0
0.75,0.75,500,2,19,200,0,0
0.75,0.75,500,2,20,200,0,0
0.25,0.25,500,8,1,33,28,1
0.25,0.25,500,8,2,111,78,10
0.25,0.25,500,8,3,228,117,26
0.25,0.25,500,8,4,283,55,56
0.25,0.25,500,8,5,312,29,43
0.25,0.25,500,8,6,325,13,46
0.25,0.25,500,8,7,331,6,42
0.25,0.25,500,8,8,331,0,27
0.25,0.25,500,8,9,335,4,18
0.25,0.25,500,8,10,337,2,20
0.25,0.25,500,8,11,338,1,12
0.25,0.25,500,8,12,338,0,12
0.25,0.25,500,8,13,338,0,5
0.25,0.25,500,8,14,339,1,4
0.25,0.25,500,8,15,339,0,2
0.25,0.25,500,8,16,339,0,3
0.25,0.25,500,8,17,339,0,2
0.25,0.25,500,8,18,339,0,0
0.25,0.25,500,8,19,339,0,3
0.25,0.25,500,8,20,339,0,1
0.25,0.25,500,8,21,339,0,2
0.25,0.25,500,8,22,339,0,2
0.25,0.25,500,8,23,339,0,0
0.25,0.25,500,8,24,339,0,1
0.25,0.25,500,8,25,339,0,0
0.25,0.25,500,8,26,339,0,1
0.25,0.25,500,8,27,339,0,0
0.25,0.25,500,8,28,339,0,0
0.25,0.25,500,8,29,339,0,0
0.25,0.25,500,8,30,339,0,0
0.25,0.25,500,8,31,339,0,0
0.25,0.25,500,8,32,339,0,0
0.25,0.25,500,8,33,339,0,0
0.25,0.25,500,8,34,339,0,0
0.25,0.25,500,8,35,339,0,0
0.25,0.5,500,8,1,29,24,2
0.25,0.5,500,8,2,118,89,13
0.25,0.5,500,8,3,212,94,50
0.25,0.5,500,8,4,265,53,76
0.25,0.5,500,8,5,290,25,58
0.25,0.5,500,8,6,299,9,38
0.25,0.5,500,8,7,304,5,34
0.25,0.5,500,8,8,305,1,17
0.25,0.5,500,8,9,306,1,7
0.25,0.5,500,8,10,307,1,5
0.25,0.5,500,8,11,307,0,3
0.25,0.5,500,8,12,307,0,1
0.25,0.5,500,8,13,307,0,2
0.25,0.5,500,8,14,307,0,1
0.25,0.5,500,8,15,307,0,0
0.25,0.5,500,8,16,307,0,0
0.25,0.5,500,8,17,307,0,0
0.25,0.5,500,8,18,307,0,0
0.25,0.5,500,8,19,307,0,0
0.25,0.5,500,8,20,307,0,0
0.25,0.5,500,8,21,307,0,0
0.25,0.5,500,8,22,307,0,0
0.25,0.5,500,8,23,307,0,0
0.25,0.75,500,8,1,55,50,4
0.25,0.75,500,8,2,158,103,38
0.25,0.75,500,8,3,242,84,88
0.25,0.75,500,8,4,270,28,95
0.25,0.75,500,8,5,276,6,31
0.25,0.75,500,8,6,279,3,11
0.25,0.75,500,8,7,280,1,7
0.25,0.75,500,8,8,280,0,5
0.25,0.75,500,8,9,280,0,1
0.25,0.75,500,8,10,280,0,0
0.25,0.75,500,8,11,280,0,0
0.25,0.75,500,8,12,280,0,0
0.25,0.75,500,8,13,280,0,0
0.25,0.75,500,8,14,280,0,0
0.25,0.75,500,8,15,280,0,0
0.25,0.75,500,8,16,280,0,0
0.25,0.75,500,8,17,280,0,0
0.25,0.75,500,8,18,280,0,0
0.5,0.25,500,8,1,50,45,2
0.5,0.25,500,8,2,220,170,14
0.5,0.25,500,8,3,330,110,49
0.5,0.25,500,8,4,363,33,58
0.5,0.25,500,8,5,374,11,57
0.5,0.25,500,8,6,377,3,45
0.5,0.25,500,8,7,379,2,40
0.5,0.25,500,8,8,379,0,28
0.5,0.25,500,8,9,379,0,20
0.5,0.25,500,8,10,379,0,26
0.5,0.25,500,8,11,379,0,13
0.5,0.25,500,8,12,379,0,4
0.5,0.25,500,8,13,379,0,6
0.5,0.25,500,8,14,379,0,3
0.5,0.25,500,8,15,379,0,3
0.5,0.25,500,8,16,379,0,3
0.5,0.25,500,8,17,379,0,3
0.5,0.25,500,8,18,379,0,1
0.5,0.25,500,8,19,379,0,3
0.5,0.25,500,8,20,379,0,0
0.5,0.25,500,8,21,379,0,1
0.5,0.25,500,8,22,379,0,0
0.5,0.25,500,8,23,379,0,0
0.5,0.25,500,8,24,379,0,0
0.5,0.25,500,8,25,379,0,0
0.5,0.25,500,8,26,379,0,0
0.5,0.25,500,8,27,379,0,0
0.5,0.25,500,8,28,379,0,0
0.5,0.25,500,8,29,379,0,0
0.5,0.25,500,8,30,379,0,0
0.5,0.5,500,8,1,10,5,3
0.5,0.5,500,8,2,62,52,3
0.5,0.5,500,8,3,220,158,34
0.5,0.5,500,8,4,313,93,94
0.5,0.5,500,8,5,341,28,81
0.5,0.5,500,8,6,348,7,62
0.5,0.5,500,8,7,349,1,35
0.5,0.5,500,8,8,352,3,19
0.5,0.5,500,8,9,353,1,7
0.5,0.5,500,8,10,353,0,7
0.5,0.5,500,8,11,353,0,4
0.5,0.5,500,8,12,353,0,2
0.5,0.5,500,8,13,353,0,1
0.5,0.5,500,8,14,353,0,0
0.5,0.5,500,8,15,353,0,0
0.5,0.5,500,8,16,353,0,1
0.5,0.5,500,8,17,353,0,0
0.5,0.5,500,8,18,353,0,0
0.5,0.5,500,8,19,353,0,0
0.5,0.5,500,8,20,353,0,0
0.5,0.5,500,8,21,353,0,0
0.5,0.5,500,8,22,353,0,0
0.5,0.5,500,8,23,353,0,0
0.5,0.5,500,8,24,353,0,0
0.5,0.5,500,8,25,353,0,0
0.5,0.75,500,8,1,17,12,3
0.5,0.75,500,8,2,76,59,10
0.5,0.75,500,8,3,242,166,46
0.5,0.75,500,8,4,333,91,144
0.5,0.75,500,8,5,346,13,100
0.5,0.75,500,8,6,347,1,31
0.5,0.75,500,8,7,347,0,10
0.5,0.75,500,8,8,347,0,2
0.5,0.75,500,8,9,347,0,0
0.5,0.75,500,8,10,347,0,1
0.5,0.75,500,8,11,347,0,0
0.5,0.75,500,8,12,347,0,0
0.5,0.75,500,8,13,347,0,0
0.5,0.75,500,8,14,347,0,0
0.5,0.75,500,8,15,347,0,0
0.5,0.75,500,8,16,347,0,0
0.5,0.75,500,8,17,347,0,0
0.5,0.75,500,8,18,347,0,0
0.5,0.75,500,8,19,347,0,0
0.75,0.25,500,8,1,75,70,0
0.75,0.25,500,8,2,285,210,19
0.75,0.25,500,8,3,370,85,68
0.75,0.25,500,8,4,386,16,76
0.75,0.25,500,8,5,391,5,56
0.75,0.25,500,8,6,392,1,42
0.75,0.25,500,8,7,392,0,32
0.75,0.25,500,8,8,392,0,23
0.75,0.25,500,8,9,392,0,28
0.75,0.25,500,8,10,392,0,9
0.75,0.25,500,8,11,392,0,7
0.75,0.25,500,8,12,392,0,8
0.75,0.25,500,8,13,392,0,6
0.75,0.25,500,8,14,392,0,4
0.75,0.25,500,8,15,392,0,6
0.75,0.25,500,8,16,392,0,1
0.75,0.25,500,8,17,392,0,2
0.75,0.25,500,8,18,392,0,1
0.75,0.25,500,8,19,392,0,2
0.75,0.25,500,8,20,392,0,1
0.75,0.25,500,8,21,392,0,0
0.75,0.25,500,8,22,392,0,1
0.75,0.25,500,8,23,392,0,0
0.75,0.25,500,8,24,392,0,0
0.75,0.25,500,8,25,392,0,0
0.75,0.25,500,8,26,392,0,0
0.75,0.25,500,8,27,392,0,0
0.75,0.25,500,8,28,392,0,0
0.75,0.25,500,8,29,392,0,0
0.75,0.25,500,8,30,392,0,0
0.75,0.25,500,8,31,392,0,0
0.75,0.5,500,8,1,58,53,3
0.75,0.5,500,8,2,248,190,24
0.75,0.5,500,8,3,364,116,114
0.75,0.5,500,8,4,377,13,108
0.75,0.5,500,8,5,379,2,67
0.75,0.5,500,8,6,380,1,35
0.75,0.5,500,8,7,380,0,16
0.75,0.5,500,8,8,380,0,6
0.75,0.5,500,8,9,380,0,3
0.75,0.5,500,8,10,380,0,2
0.75,0.5,500,8,11,380,0,2
0.75,0.5,500,8,12,380,0,0
0.75,0.5,500,8,13,380,0,0
0.75,0.5,500,8,14,380,0,0
0.75,0.5,500,8,15,380,0,0
0.75,0.5,500,8,16,380,0,0
0.75,0.5,500,8,17,380,0,0
0.75,0.5,500,8,18,380,0,0
0.75,0.5,500,8,19,380,0,0
0.75,0.5,500,8,20,380,0,0
0.75,0.75,500,8,1,77,72,5
0.75,0.75,500,8,2,283,206,52
0.75,0.75,500,8,3,355,72,177
0.75,0.75,500,8,4,364,9,90
0.75,0.75,500,8,5,364,0,30
0.75,0.75,500,8,6,364,0,9
0.75,0.75,500,8,7,364,0,1
0.75,0.75,500,8,8,364,0,0
0.75,0.75,500,8,9,364,0,0
0.75,0.75,500,8,10,364,0,0
0.75,0.75,500,8,11,364,0,0
0.75,0.75,500,8,12,364,0,0
0.75,0.75,500,8,13,364,0,0
0.75,0.75,500,8,14,364,0,0
0.75,0.75,500,8,15,364,0,0
0.75,0.75,500,8,16,364,0,0
0.25,0.25,500,16,1,23,18,1
0.25,0.25,500,16,2,129,106,7
0.25,0.25,500,16,3,283,154,30
0.25,0.25,500,16,4,358,75,66
0.25,0.25,500,16,5,387,29,70
0.25,0.25,500,16,6,396,9,42
0.25,0.25,500,16,7,400,4,48
0.25,0.25,500,16,8,405,5,41
0.25,0.25,500,16,9,408,3,18
0.25,0.25,500,16,10,409,1,27
0.25,0.25,500,16,11,409,0,11
0.25,0.25,500,16,12,409,0,12
0.25,0.25,500,16,13,409,0,7
0.25,0.25,500,16,14,409,0,7
0.25,0.25,500,16,15,409,0,4
0.25,0.25,500,16,16,409,0,4
0.25,0.25,500,16,17,409,0,4
0.25,0.25,500,16,18,409,0,5
0.25,0.25,500,16,19,409,0,1
0.25,0.25,500,16,20,409,0,0
0.25,0.25,500,16,21,409,0,1
0.25,0.25,500,16,22,409,0,1
0.25,0.25,500,16,23,409,0,1
0.25,0.25,500,16,24,409,0,0
0.25,0.25,500,16,25,409,0,0
0.25,0.25,500,16,26,409,0,1
0.25,0.25,500,16,27,409,0,0
0.25,0.25,500,16,28,409,0,0
0.25,0.25,500,16,29,409,0,0
0.25,0.25,500,16,30,409,0,0
0.25,0.25,500,16,31,409,0,0
0.25,0.25,500,16,32,409,0,0
0.25,0.25,500,16,33,409,0,0
0.25,0.25,500,16,34,409,0,0
0.25,0.25,500,16,35,409,0,0
0.25,0.5,500,16,1,66,61,2
0.25,0.5,500,16,2,221,155,29
0.25,0.5,500,16,3,322,101,106
0.25,0.5,500,16,4,363,41,91
0.25,0.5,500,16,5,369,6,56
0.25,0.5,500,16,6,371,2,41
0.25,0.5,500,16,7,375,4,32
0.25,0.5,500,16,8,375,0,8
0.25,0.5,500,16,9,375,0,5
0.25,0.5,500,16,10,375,0,2
0.25,0.5,500,16,11,375,0,1
0.25,0.5,500,16,12,375,0,0
0.25,0.5,500,16,13,375,0,1
0.25,0.5,500,16,14,375,0,1
0.25,0.5,500,16,15,375,0,0
0.25,0.5,500,16,16,375,0,0
0.25,0.5,500,16,17,375,0,0
0.25,0.5,500,16,18,375,0,0
0.25,0.5,500,16,19,375,0,0
0.25,0.5,500,16,20,375,0,0
0.25,0.5,500,16,21,375,0,0
0.25,0.5,500,16,22,375,0,0
0.25,0.5,500,16,23,375,0,0
0.25,0.75,500,16,1,31,26,4
0.25,0.75,500,16,2,162,131,18
0.25,0.75,500,16,3,296,134,101
0.25,0.75,500,16,4,344,48,135
0.25,0.75,500,16,5,349,5,64
0.25,0.75,500,16,6,351,2,15
0.25,0.75,500,16,7,351,0,13
0.25,0.75,500,16,8,351,0,1
0.25,0.75,500,16,9,351,0,0
0.25,0.75,500,16,10,351,0,0
0.25,0.75,500,16,11,351,0,0
0.25,0.75,500,16,12,351,0,0
0.25,0.75,500,16,13,351,0,0
0.25,0.75,500,16,14,351,0,0
0.25,0.75,500,16,15,351,0,0
0.25,0.75,500,16,16,351,0,0
0.25,0.75,500,16,17,351,0,0
0.5,0.25,500,16,1,41,36,2
0.5,0.25,500,16,2,265,224,9
0.5,0.25,500,16,3,387,122,69
0.5,0.25,500,16,4,414,27,75
0.5,0.25,500,16,5,423,9,69
0.5,0.25,500,16,6,426,3,48
0.5,0.25,500,16,7,426,0,44
0.5,0.25,500,16,8,427,1,25
0.5,0.25,500,16,9,427,0,24
0.5,0.25,500,16,10,427,0,21
0.5,0.25,500,16,11,427,0,9
0.5,0.25,500,16,12,427,0,8
0.5,0.25,500,16,13,427,0,5
0.5,0.25,500,16,14,427,0,4
0.5,0.25,500,16,15,427,0,3
0.5,0.25,500,16,16,427,0,6
0.5,0.25,500,16,17,427,0,0
0.5,0.25,500,16,18,427,0,2
0.5,0.25,500,16,19,427,0,2
0.5,0.25,500,16,20,427,0,1
0.5,0.25,500,16,21,427,0,1
0.5,0.25,500,16,22,427,0,0
0.5,0.25,500,16,23,427,0,0
0.5,0.25,500,16,24,427,0,0
0.5,0.25,500,16,25,427,0,0
0.5,0.25,500,16,26,427,0,0
0.5,0.25,500,16,27,427,0,0
0.5,0.25,500,16,28,427,0,0
0.5,0.25,500,16,29,427,0,0
0.5,0.25,500,16,30,427,0,0
0.5,0.5,500,16,1,133,128,3
0.5,0.5,500,16,2,350,217,71
0.5,0.5,500,16,3,405,55,155
0.5,0.5,500,16,4,420,15,91
0.5,0.5,500,16,5,422,2,42
0.5,0.5,500,16,6,422,0,37
0.5,0.5,500,16,7,422,0,10
0.5,0.5,500,16,8,422,0,6
0.5,0.5,500,16,9,422,0,4
0.5,0.5,500,16,10,422,0,2
0.5,0.5,500,16,11,422,0,1
0.5,0.5,500,16,12,422,0,0
0.5,0.5,500,16,13,422,0,0
0.5,0.5,500,16,14,422,0,0
0.5,0.5,500,16,15,422,0,0
0.5,0.5,500,16,16,422,0,0
0.5,0.5,500,16,17,422,0,0
0.5,0.5,500,16,18,422,0,0
0.5,0.5,500,16,19,422,0,0
0.5,0.5,500,16,20,422,0,0
0.5,0.75,500,16,1,106,101,3
0.5,0.75,500,16,2,326,220,83
0.5,0.75,500,16,3,391,65,181
0.5,0.75,500,16,4,400,9,93
0.5,0.75,500,16,5,401,1,28
0.5,0.75,500,16,6,401,0,12
0.5,0.75,500,16,7,401,0,1
0.5,0.75,500,16,8,401,0,0
0.5,0.75,500,16,9,401,0,0
0.5,0.75,500,16,10,401,0,0
0.5,0.75,500,16,11,401,0,0
0.5,0.75,500,16,12,401,0,0
0.5,0.75,500,16,13,401,0,0
0.5,0.75,500,16,14,401,0,0
0.5,0.75,500,16,15,401,0,0
0.5,0.75,500,16,16,401,0,0
0.75,0.25,500,16,1,171,166,4
0.75,0.25,500,16,2,386,215,43
0.75,0.25,500,16,3,424,38,76
0.75,0.25,500,16,4,431,7,71
0.75,0.25,500,16,5,434,3,53
0.75,0.25,500,16,6,434,0,55
0.75,0.25,500,16,7,434,0,36
0.75,0.25,500,16,8,434,0,26
0.75,0.25,500,16,9,434,0,19
0.75,0.25,500,16,10,434,0,9
0.75,0.25,500,16,11,434,0,10
0.75,0.25,500,16,12,434,0,9
0.75,0.25,500,16,13,434,0,7
0.75,0.25,500,16,14,434,0,4
0.75,0.25,500,16,15,434,0,6
0.75,0.25,500,16,16,434,0,2
0.75,0.25,500,16,17,434,0,0
0.75,0.25,500,16,18,434,0,1
0.75,0.25,500,16,19,434,0,1
0.75,0.25,500,16,20,434,0,1
0.75,0.25,500,16,21,434,0,1
0.75,0.25,500,16,22,434,0,0
0.75,0.25,500,16,23,434,0,0
0.75,0.25,500,16,24,434,0,0
0.75,0.25,500,16,25,434,0,0
0.75,0.25,500,16,26,434,0,0
0.75,0.25,500,16,27,434,0,0
0.75,0.25,500,16,28,434,0,0
0.75,0.25,500,16,29,434,0,0
0.75,0.25,500,16,30,434,0,0
0.75,0.5,500,16,1,70,65,4
0.75,0.5,500,16,2,337,267,32
0.75,0.5,500,16,3,412,75,155
0.75,0.5,500,16,4,422,10,109
0.75,0.5,500,16,5,427,5,61
0.75,0.5,500,16,6,427,0,38
0.75,0.5,500,16,7,427,0,15
0.75,0.5,500,16,8,427,0,5
0.75,0.5,500,16,9,427,0,5
0.75,0.5,500,16,10,427,0,0
0.75,0.5,500,16,11,427,0,1
0.75,0.5,500,16,12,427,0,2
0.75,0.5,500,16,13,427,0,0
0.75,0.5,500,16,14,427,0,0
0.75,0.5,500,16,15,427,0,0
0.75,0.5,500,16,16,427,0,0
0.75,0.5,500,16,17,427,0,0
0.75,0.5,500,16,18,427,0,0
0.75,0.5,500,16,19,427,0,0
0.75,0.5,500,16,20,427,0,0
0.75,0.5,500,16,21,427,0,0
0.75,0.75,500,16,1,69,64,4
0.75,0.75,500,16,2,339,270,48
0.75,0.75,500,16,3,417,78,233
0.75,0.75,500,16,4,430,13,95
0.75,0.75,500,16,5,430,0,38
0.75,0.75,500,16,6,430,0,12
0.75,0.75,500,16,7,430,0,0
0.75,0.75,500,16,8,430,0,0
0.75,0.75,500,16,9,430,0,0
0.75,0.75,500,16,10,430,0,0
0.75,0.75,500,16,11,430,0,0
0.75,0.75,500,16,12,430,0,0
0.75,0.75,500,16,13,430,0,0
0.75,0.75,500,16,14,430,0,0
0.75,0.75,500,16,15,430,0,0
0.25,0.25,5000,2,1,80,75,0
0.25,0.25,5000,2,2,298,218,21
0.25,0.25,5000,2,3,645,347,67
0.25,0.25,5000,2,4,963,318,150
0.25,0.25,5000,2,5,1174,211,149
0.25,0.25,5000,2,6,1339,165,198
0.25,0.25,5000,2,7,1442,103,196
0.25,0.25,5000,2,8,1512,70,173
0.25,0.25,5000,2,9,1550,38,137
0.25,0.25,5000,2,10,1585,35,124
0.25,0.25,5000,2,11,1599,14,94
0.25,0.25,5000,2,12,1612,13,64
0.25,0.25,5000,2,13,1621,9,63
0.25,0.25,5000,2,14,1623,2,47
0.25,0.25,5000,2,15,1627,4,38
0.25,0.25,5000,2,16,1628,1,27
0.25,0.25,5000,2,17,1629,1,17
0.25,0.25,5000,2,18,1629,0,14
0.25,0.25,5000,2,19,1631,2,9
0.25,0.25,5000,2,20,1632,1,6
0.25,0.25,5000,2,21,1633,1,10
0.25,0.25,5000,2,22,1633,0,4
0.25,0.25,5000,2,23,1634,1,7
0.25,0.25,5000,2,24,1634,0,4
0.25,0.25,5000,2,25,1634,0,2
0.25,0.25,5000,2,26,1634,0,3
0.25,0.25,5000,2,27,1634,0,1
0.25,0.25,5000,2,28,1634,0,3
0.25,0.25,5000,2,29,1635,1,2
0.25,0.25,5000,2,30,1635,0,1
0.25,0.25,5000,2,31,1635,0,1
0.25,0.25,5000,2,32,1635,0,1
0.25,0.25,5000,2,33,1635,0,0
0.25,0.25,5000,2,34,1635,0,1
0.25,0.25,5000,2,35,1635,0,0
0.25,0.25,5000,2,36,1635,0,0
0.25,0.25,5000,2,37,1635,0,0
0.25,0.25,5000,2,38,1635,0,0
0.25,0.25,5000,2,39,1635,0,0
0.25,0.25,5000,2,40,1635,0,0
0.25,0.25,5000,2,41,1635,0,0
0.25,0.25,5000,2,42,1635,0,0
0.25,0.25,5000,2,43,1635,0,0
0.25,0.25,5000,2,44,1635,0,0
0.25,0.25,5000,2,45,1635,0,0
0.25,0.25,5000,2,46,1635,0,0
0.25,0.25,5000,2,47,1635,0,0
0.25,0.25,5000,2,48,1635,0,0
0.25,0.25,5000,2,49,1635,0,1
0.25,0.25,5000,2,50,1635,0,0
0.25,0.25,5000,2,51,1635,0,0
0.25,0.25,5000,2,52,1635,0,0
0.25,0.25,5000,2,53,1635,0,0
0.25,0.25,5000,2,54,1635,0,0
0.25,0.25,5000,2,55,1635,0,0
0.25,0.25,5000,2,56,1635,0,0
0.25,0.25,5000,2,57,1635,0,0
0.25,0.25,5000,2,58,1635,0,0
0.25,0.5,5000,2,1,18,13,2
0.25,0.5,5000,2,2,64,46,7
0.25,0.5,5000,2,3,199,135,27
0.25,0.5,5000,2,4,466,267,79
0.25,0.5,5000,2,5,718,252,183
0.25,0.5,5000,2,6,937,219,206
0.25,0.5,5000,2,7,1061,124,217
0.25,0.5,5000,2,8,1141,80,181
0.25,0.5,5000,2,9,1190,49,130
0.25,0.5,5000,2,10,1214,24,89
0.25,0.5,5000,2,11,1223,9,53
0.25,0.5,5000,2,12,1226,3,20
0.25,0.5,5000,2,13,1229,3,18
0.25,0.5,5000,2,14,1229,0,10
0.25,0.5,5000,2,15,1229,0,3
0.25,0.5,5000,2,16,1229,0,2
0.25,0.5,5000,2,17,1229,0,2
0.25,0.5,5000,2,18,1229,0,0
0.25,0.5,5000,2,19,1229,0,0
0.25,0.5,5000,2,20,1229,0,0
0.25,0.5,5000,2,21,1229,0,0
0.25,0.5,5000,2,22,1229,0,0
0.25,0.5,5000,2,23,1229,0,0
0.25,0.5,5000,2,24,1229,0,0
0.25,0.5,5000,2,25,1229,0,0
0.25,0.5,5000,2,26,1229,0,0
0.25,0.75,5000,2,1,13,8,4
0.25,0.75,5000,2,2,25,12,7
0.25,0.75,5000,2,3,72,47,10
0.25,0.75,5000,2,4,207,135,39
0.25,0.75,5000,2,5,478,271,105
0.25,0.75,5000,2,6,730,252,243
0.25,0.75,5000,2,7,870,140,237
0.25,0.75,5000,2,8,940,70,164
0.25,0.75,5000,2,9,977,37,101
0.25,0.75,5000,2,10,1001,24,56
0.25,0.75,5000,2,11,1008,7,28
0.25,0.75,5000,2,12,1011,3,13
0.25,0.75,5000,2,13,1012,1,2
0.25,0.75,5000,2,14,1013,1,3
0.25,0.75,5000,2,15,1013,0,1
0.25,0.75,5000,2,16,1013,0,0
0.25,0.75,5000,2,17,1013,0,0
0.25,0.75,5000,2,18,1013,0,0
0.25,0.75,5000,2,19,1013,0,0
0.25,0.75,5000,2,20,1013,0,0
0.25,0.75,5000,2,21,1013,0,0
0.25,0.75,5000,2,22,1013,0,0
0.25,0.75,5000,2,23,1013,0,0
0.25,0.75,5000,2,24,1013,0,0
0.5,0.25,5000,2,1,105,100,0
0.5,0.25,5000,2,2,592,487,29
0.5,0.25,5000,2,3,1239,647,139
0.5,0.25,5000,2,4,1630,391,276
0.5,0.25,5000,2,5,1818,188,281
0.5,0.25,5000,2,6,1923,105,248
0.5,0.25,5000,2,7,1973,50,241
0.5,0.25,5000,2,8,1991,18,193
0.5,0.25,5000,2,9,2001,10,157
0.5,0.25,5000,2,10,2004,3,101
0.5,0.25,5000,2,11,2005,1,71
0.5,0.25,5000,2,12,2007,2,73
0.5,0.25,5000,2,13,2007,0,59
0.5,0.25,5000,2,14,2007,0,35
0.5,0.25,5000,2,15,2007,0,30
0.5,0.25,5000,2,16,2007,0,16
0.5,0.25,5000,2,17,2007,0,16
0.5,0.25,5000,2,18,2007,0,10
0.5,0.25,5000,2,19,2007,0,9
0.5,0.25,5000,2,20,2007,0,6
0.5,0.25,5000,2,21,2007,0,7
0.5,0.25,5000,2,22,2007,0,4
0.5,0.25,5000,2,23,2007,0,1
0.5,0.25,5000,2,24,2007,0,0
0.5,0.25,5000,2,25,2007,0,1
0.5,0.25,5000,2,26,2007,0,1
0.5,0.25,5000,2,27,2007,0,1
0.5,0.25,5000,2,28,2007,0,0
0.5,0.25,5000,2,29,2007,0,0
0.5,0.25,5000,2,30,2007,0,1
0.5,0.25,5000,2,31,2007,0,0
0.5,0.25,5000,2,32,2007,0,0
0.5,0.25,5000,2,33,2007,0,1
0.5,0.25,5000,2,34,2007,0,0
0.5,0.25,5000,2,35,2007,0,0
0.5,0.25,5000,2,36,2007,0,0
0.5,0.25,5000,2,37,2007,0,0
0.5,0.25,5000,2,38,2007,0,0
0.5,0.25,5000,2,39,2007,0,0
0.5,0.25,5000,2,40,2007,0,0
0.5,0.25,5000,2,41,2007,0,0
0.5,0.25,5000,2,42,2007,0,0
0.5,0.5,5000,2,1,34,29,2
0.5,0.5,5000,2,2,254,220,18
0.5,0.5,5000,2,3,863,609,119
0.5,0.5,5000,2,4,1365,502,354
0.5,0.5,5000,2,5,1601,236,433
0.5,0.5,5000,2,6,1710,109,341
0.5,0.5,5000,2,7,1758,48,218
0.5,0.5,5000,2,8,1782,24,131
0.5,0.5,5000,2,9,1795,13,79
0.5,0.5,5000,2,10,1803,8,50
0.5,0.5,5000,2,11,1803,0,25
0.5,0.5,5000,2,12,1804,1,18
0.5,0.5,5000,2,13,1804,0,9
0.5,0.5,5000,2,14,1804,0,5
0.5,0.5,5000,2,15,1804,0,2
0.5,0.5,5000,2,16,1804,0,0
0.5,0.5,5000,2,17,1804,0,0
0.5,0.5,5000,2,18,1804,0,0
0.5,0.5,5000,2,19,1804,0,0
0.5,0.5,5000,2,20,1804,0,0
0.5,0.5,5000,2,21,1804,0,0
0.5,0.5,5000,2,22,1804,0,0
0.5,0.5,5000,2,23,1804,0,0
0.5,0.5,5000,2,24,1804,0,0
0.5,0.75,5000,2,1,18,13,4
0.5,0.75,5000,2,2,117,99,6
0.5,0.75,5000,2,3,553,436,85
0.5,0.75,5000,2,4,1118,565,332
0.5,0.75,5000,2,5,1418,300,524
0.5,0.75,5000,2,6,1542,124,365
0.5,0.75,5000,2,7,1586,44,162
0.5,0.75,5000,2,8,1609,23,87
0.5,0.75,5000,2,9,1622,13,37
0.5,0.75,5000,2,10,1624,2,13
0.5,0.75,5000,2,11,1627,3,7
0.5,0.75,5000,2,12,1628,1,4
0.5,0.75,5000,2,13,1628,0,1
0.5,0.75,5000,2,14,1628,0,1
0.5,0.75,5000,2,15,1628,0,0
0.5,0.75,5000,2,16,1628,0,0
0.5,0.75,5000,2,17,1628,0,0
0.5,0.75,5000,2,18,1628,0,0
0.5,0.75,5000,2,19,1628,0,0
0.5,0.75,5000,2,20,1628,0,0
0.5,0.75,5000,2,21,1628,0,0
0.5,0.75,5000,2,22,1628,0,0
0.5,0.75,5000,2,23,1628,0,0
0.75,0.25,5000,2,1,36,31,0
0.75,0.25,5000,2,2,268,232,7
0.75,0.25,5000,2,3,1129,861,72
0.75,0.25,5000,2,4,1817,688,260
0.75,0.25,5000,2,5,2077,260,361
0.75,0.25,5000,2,6,2165,88,351
0.75,0.25,5000,2,7,2191,26,265
0.75,0.25,5000,2,8,2196,5,243
0.75,0.25,5000,2,9,2199,3,157
0.75,0.25,5000,2,10,2201,2,124
0.75,0.25,5000,2,11,2202,1,80
0.75,0.25,5000,2,12,2202,0,78
0.75,0.25,5000,2,13,2202,0,49
0.75,0.25,5000,2,14,2202,0,37
0.75,0.25,5000,2,15,2202,0,33
0.75,0.25,5000,2,16,2202,0,17
0.75,0.25,5000,2,17,2202,0,16
0.75,0.25,5000,2,18,2202,0,6
0.75,0.25,5000,2,19,2202,0,8
0.75,0.25,5000,2,20,2202,0,12
0.75,0.25,5000,2,21,2202,0,8
0.75,0.25,5000,2,22,2202,0,5
0.75,0.25,5000,2,23,2202,0,2
0.75,0.25,5000,2,24,2202,0,5
0.75,0.25,5000,2,25,2202,0,1
0.75,0.25,5000,2,26,2202,0,2
0.75,0.25,5000,2,27,2202,0,0
0.75,0.25,5000,2,28,2202,0,1
0.75,0.25,5000,2,29,2202,0,1
0.75,0.25,5000,2,30,2202,0,1
0.75,0.25,5000,2,31,2202,0,0
0.75,0.25,5000,2,32,2202,0,0
0.75,0.25,5000,2,33,2202,0,0
0.75,0.25,5000,2,34,2202,0,0
0.75,0.25,5000,2,35,2202,0,0
0.75,0.25,5000,2,36,2202,0,0
0.75,0.25,5000,2,37,2202,0,0
0.75,0.25,5000,2,38,2202,0,0
0.75,0.25,5000,2,39,2202,0,0
0.75,0.5,5000,2,1,53,48,1
0.75,0.5,5000,2,2,480,427,31
0.75,0.5,5000,2,3,1337,857,224
0.75,0.5,5000,2,4,1831,494,554
0.75,0.5,5000,2,5,2018,187,508
0.75,0.5,5000,2,6,2076,58,366
0.75,0.5,5000,2,7,2092,16,196
0.75,0.5,5000,2,8,2094,2,97
0.75,0.5,5000,2,9,2095,1,58
0.75,0.5,5000,2,10,2097,2,27
0.75,0.5,5000,2,11,2098,1,15
0.75,0.5,5000,2,12,2099,1,13
0.75,0.5,5000,2,13,2099,0,5
0.75,0.5,5000,2,14,2099,0,3
0.75,0.5,5000,2,15,2099,0,0
0.75,0.5,5000,2,16,2099,0,1
0.75,0.5,5000,2,17,2099,0,0
0.75,0.5,5000,2,18,2099,0,0
0.75,0.5,5000,2,19,2099,0,0
0.75,0.5,5000,2,20,2099,0,0
0.75,0.5,5000,2,21,2099,0,0
0.75,0.5,5000,2,22,2099,0,0
0.75,0.5,5000,2,23,2099,0,0
0.75,0.5,5000,2,24,2099,0,0
0.75,0.5,5000,2,25,2099,0,0
0.75,0.75,5000,2,1,34,29,3
0.75,0.75,5000,2,2,256,222,23
0.75,0.75,5000,2,3,1089,833,180
0.75,0.75,5000,2,4,1739,650,674
0.75,0.75,5000,2,5,1963,224,619
0.75,0.75,5000,2,6,2011,48,353
0.75,0.75,5000,2,7,2024,13,123
0.75,0.75,5000,2,8,2027,3,34
0.75,0.75,5000,2,9,2029,2,14
0.75,0.75,5000,2,10,2029,0,6
0.75,0.75,5000,2,11,2029,0,0
0.75,0.75,5000,2,12,2029,0,0
0.75,0.75,5000,2,13,2029,0,0
0.75,0.75,5000,2,14,2029,0,0
0.75,0.75,5000,2,15,2029,0,0
0.75,0.75,5000,2,16,2029,0,0
0.75,0.75,5000,2,17,2029,0,0
0.75,0.75,5000,2,18,2029,0,0
0.75,0.75,5000,2,19,2029,0,0
0.25,0.25,5000,8,1,26,21,1
0.25,0.25,5000,8,2,339,313,6
0.25,0.25,5000,8,3,1499,1160,80
0.25,0.25,5000,8,4,2453,954,346
0.25,0.25,5000,8,5,2913,460,490
0.25,0.25,5000,8,6,3141,228,475
0.25,0.25,5000,8,7,3270,129,435
0.25,0.25,5000,8,8,3341,71,355
0.25,0.25,5000,8,9,3381,40,295
0.25,0.25,5000,8,10,3404,23,218
0.25,0.25,5000,8,11,3415,11,180
0.25,0.25,5000,8,12,3427,12,122
0.25,0.25,5000,8,13,3430,3,107
0.25,0.25,5000,8,14,3433,3,80
0.25,0.25,5000,8,15,3435,2,59
0.25,0.25,5000,8,16,3435,0,45
0.25,0.25,5000,8,17,3435,0,30
0.25,0.25,5000,8,18,3436,1,23
0.25,0.25,5000,8,19,3437,1,26
0.25,0.25,5000,8,20,3437,0,8
0.25,0.25,5000,8,21,3437,0,10
0.25,0.25,5000,8,22,3437,0,10
0.25,0.25,5000,8,23,3437,0,15
0.25,0.25,5000,8,24,3437,0,5
0.25,0.25,5000,8,25,3437,0,2
0.25,0.25,5000,8,26,3437,0,8
0.25,0.25,5000,8,27,3437,0,4
0.25,0.25,5000,8,28,3437,0,0
0.25,0.25,5000,8,29,3437,0,2
0.25,0.25,5000,8,30,3437,0,0
0.25,0.25,5000,8,31,3437,0,0
0.25,0.25,5000,8,32,3437,0,0
0.25,0.25,5000,8,33,3437,0,0
0.25,0.25,5000,8,34,3437,0,0
0.25,0.25,5000,8,35,3437,0,0
0.25,0.25,5000,8,36,3437,0,0
0.25,0.25,5000,8,37,3437,0,0
0.25,0.25,5000,8,38,3437,0,0
0.25,0.5,5000,8,1,85,80,2
0.25,0.5,5000,8,2,634,549,50
0.25,0.5,5000,8,3,1734,1100,304
0.25,0.5,5000,8,4,2416,682,729
0.25,0.5,5000,8,5,2751,335,673
0.25,0.5,5000,8,6,2867,116,484
0.25,0.5,5000,8,7,2924,57,320
0.25,0.5,5000,8,8,2950,26,182
0.25,0.5,5000,8,9,2965,15,95
0.25,0.5,5000,8,10,2970,5,66
0.25,0.5,5000,8,11,2972,2,35
0.25,0.5,5000,8,12,2976,4,15
0.25,0.5,5000,8,13,2978,2,11
0.25,0.5,5000,8,14,2979,1,6
0.25,0.5,5000,8,15,2979,0,3
0.25,0.5,5000,8,16,2979,0,3
0.25,0.5,5000,8,17,2979,0,0
0.25,0.5,5000,8,18,2979,0,1
0.25,0.5,5000,8,19,2979,0,0
0.25,0.5,5000,8,20,2979,0,0
0.25,0.5,5000,8,21,2979,0,0
0.25,0.5,5000,8,22,2979,0,0
0.25,0.5,5000,8,23,2979,0,0
0.25,0.5,5000,8,24,2979,0,0
0.25,0.5,5000,8,25,2979,0,0
0.25,0.5,5000,8,26,2979,0,0
0.25,0.5,5000,8,27,2979,0,0
0.25,0.75,5000,8,1,84,79,2
0.25,0.75,5000,8,2,660,576,56
0.25,0.75,5000,8,3,1776,1116,431
0.25,0.75,5000,8,4,2429,653,981
0.25,0.75,5000,8,5,2649,220,718
0.25,0.75,5000,8,6,2717,68,345
0.25,0.75,5000,8,7,2738,21,141
0.25,0.75,5000,8,8,2744,6,46
0.25,0.75,5000,8,9,2745,1,19
0.25,0.75,5000,8,10,2745,0,4
0.25,0.75,5000,8,11,2745,0,2
0.25,0.75,5000,8,12,2745,0,0
0.25,0.75,5000,8,13,2745,0,0
0.25,0.75,5000,8,14,2745,0,0
0.25,0.75,5000,8,15,2745,0,0
0.25,0.75,5000,8,16,2745,0,0
0.25,0.75,5000,8,17,2745,0,0
0.25,0.75,5000,8,18,2745,0,0
0.25,0.75,5000,8,19,2745,0,0
0.25,0.75,5000,8,20,2745,0,0
0.5,0.25,5000,8,1,185,180,2
0.5,0.25,5000,8,2,1632,1447,49
0.5,0.25,5000,8,3,3049,1417,391
0.5,0.25,5000,8,4,3476,427,640
0.5,0.25,5000,8,5,3619,143,585
0.5,0.25,5000,8,6,3690,71,501
0.5,0.25,5000,8,7,3715,25,359
0.5,0.25,5000,8,8,3727,12,284
0.5,0.25,5000,8,9,3731,4,227
0.5,0.25,5000,8,10,3734,3,161
0.5,0.25,5000,8,11,3735,1,135
0.5,0.25,5000,8,12,3735,0,107
0.5,0.25,5000,8,13,3736,1,60
0.5,0.25,5000,8,14,3736,0,55
0.5,0.25,5000,8,15,3736,0,44
0.5,0.25,5000,8,16,3736,0,23
0.5,0.25,5000,8,17,3736,0,32
0.5,0.25,5000,8,18,3736,0,22
0.5,0.25,5000,8,19,3736,0,14
0.5,0.25,5000,8,20,3736,0,9
0.5,0.25,5000,8,21,3736,0,9
0.5,0.25,5000,8,22,3736,0,9
0.5,0.25,5000,8,23,3736,0,2
0.5,0.25,5000,8,24,3736,0,6
0.5,0.25,5000,8,25,3736,0,1
0.5,0.25,5000,8,26,3736,0,1
0.5,0.25,5000,8,27,3736,0,2
0.5,0.25,5000,8,28,3736,0,6
0.5,0.25,5000,8,29,3736,0,0
0.5,0.25,5000,8,30,3736,0,0
0.5,0.25,5000,8,31,3736,0,0
0.5,0.25,5000,8,32,3736,0,0
0.5,0.25,5000,8,33,3736,0,0
0.5,0.25,5000,8,34,3736,0,0
0.5,0.25,5000,8,35,3736,0,0
0.5,0.25,5000,8,36,3736,0,0
0.5,0.25,5000,8,37,3736,0,0
0.5,0.5,5000,8,1,262,257,3
0.5,0.5,5000,8,2,1826,1564,130
0.5,0.5,5000,8,3,3094,1268,843
0.5,0.5,5000,8,4,3459,365,1076
0.5,0.5,5000,8,5,3551,92,741
0.5,0.5,5000,8,6,3575,24,359
0.5,0.5,5000,8,7,3583,8,196
0.5,0.5,5000,8,8,3586,3,108
0.5,0.5,5000,8,9,3588,2,67
0.5,0.5,5000,8,10,3589,1,32
0.5,0.5,5000,8,11,3589,0,16
0.5,0.5,5000,8,12,3589,0,6
0.5,0.5,5000,8,13,3589,0,2
0.5,0.5,5000,8,14,3589,0,8
0.5,0.5,5000,8,15,3589,0,1
0.5,0.5,5000,8,16,3589,0,1
0.5,0.5,5000,8,17,3589,0,0
0.5,0.5,5000,8,18,3589,0,0
0.5,0.5,5000,8,19,3589,0,0
0.5,0.5,5000,8,20,3589,0,0
0.5,0.5,5000,8,21,3589,0,0
0.5,0.5,5000,8,22,3589,0,0
0.5,0.5,5000,8,23,3589,0,0
0.5,0.5,5000,8,24,3589,0,0
0.5,0.5,5000,8,25,3589,0,0
0.5,0.75,5000,8,1,28,23,5
0.5,0.75,5000,8,2,457,429,19
0.5,0.75,5000,8,3,2179,1722,336
0.5,0.75,5000,8,4,3157,978,1358
0.5,0.75,5000,8,5,3393,236,1096
0.5,0.75,5000,8,6,3432,39,422
0.5,0.75,5000,8,7,3444,12,147
0.5,0.75,5000,8,8,3448,4,46
0.5,0.75,5000,8,9,3449,1,16
0.5,0.75,5000,8,10,3449,0,3
0.5,0.75,5000,8,11,3449,0,1
0.5,0.75,5000,8,12,3449,0,0
0.5,0.75,5000,8,13,3449,0,0
0.5,0.75,5000,8,14,3449,0,0
0.5,0.75,5000,8,15,3449,0,0
0.5,0.75,5000,8,16,3449,0,0
0.5,0.75,5000,8,17,3449,0,0
0.5,0.75,5000,8,18,3449,0,0
0.5,0.75,5000,8,19,3449,0,0
0.5,0.75,5000,8,20,3449,0,0
0.75,0.25,5000,8,1,48,43,1
0.75,0.25,5000,8,2,715,667,11
0.75,0.25,5000,8,3,2878,2163,192
0.75,0.25,5000,8,4,3645,767,669
0.75,0.25,5000,8,5,3813,168,714
0.75,0.25,5000,8,6,3845,32,537
0.75,0.25,5000,8,7,3853,8,414
0.75,0.25,5000,8,8,3857,4,342
0.75,0.25,5000,8,9,3858,1,232
0.75,0.25,5000,8,10,3858,0,196
0.75,0.25,5000,8,11,3858,0,144
0.75,0.25,5000,8,12,3858,0,107
0.75,0.25,5000,8,13,3858,0,79
0.75,0.25,5000,8,14,3858,0,49
0.75,0.25,5000,8,15,3858,0,50
0.75,0.25,5000,8,16,3858,0,27
0.75,0.25,5000,8,17,3858,0,25
0.75,0.25,5000,8,18,3858,0,23
0.75,0.25,5000,8,19,3858,0,10
0.75,0.25,5000,8,20,3858,0,6
0.75,0.25,5000,8,21,3858,0,4
0.75,0.25,5000,8,22,3858,0,6
0.75,0.25,5000,8,23,3858,0,7
0.75,0.25,5000,8,24,3858,0,5
0.75,0.25,5000,8,25,3858,0,3
0.75,0.25,5000,8,26,3858,0,1
0.75,0.25,5000,8,27,3858,0,1
0.75,0.25,5000,8,28,3858,0,2
0.75,0.25,5000,8,29,3858,0,1
0.75,0.25,5000,8,30,3858,0,0
0.75,0.25,5000,8,31,3858,0,0
0.75,0.25,5000,8,32,3858,0,0
0.75,0.25,5000,8,33,3858,0,0
0.75,0.25,5000,8,34,3858,0,0
0.75,0.25,5000,8,35,3858,0,0
0.75,0.25,5000,8,36,3858,0,0
0.75,0.25,5000,8,37,3858,0,0
0.75,0.25,5000,8,38,3858,0,0
0.75,0.5,5000,8,1,77,72,1
0.75,0.5,5000,8,2,1343,1266,38
0.75,0.5,5000,8,3,3255,1912,674
0.75,0.5,5000,8,4,3716,461,1295
0.75,0.5,5000,8,5,3792,76,845
0.75,0.5,5000,8,6,3807,15,442
0.75,0.5,5000,8,7,3812,5,256
0.75,0.5,5000,8,8,3812,0,135
0.75,0.5,5000,8,9,3812,0,61
0.75,0.5,5000,8,10,3812,0,28
0.75,0.5,5000,8,11,3812,0,16
0.75,0.5,5000,8,12,3812,0,10
0.75,0.5,5000,8,13,3812,0,7
0.75,0.5,5000,8,14,3812,0,4
0.75,0.5,5000,8,15,3812,0,0
0.75,0.5,5000,8,16,3812,0,0
0.75,0.5,5000,8,17,3812,0,0
0.75,0.5,5000,8,18,3812,0,0
0.75,0.5,5000,8,19,3812,0,0
0.75,0.5,5000,8,20,3812,0,0
0.75,0.5,5000,8,21,3812,0,0
0.75,0.5,5000,8,22,3812,0,0
0.75,0.5,5000,8,23,3812,0,0
0.75,0.75,5000,8,1,191,186,5
0.75,0.75,5000,8,2,1990,1799,146
0.75,0.75,5000,8,3,3429,1439,1406
0.75,0.75,5000,8,4,3687,258,1418
0.75,0.75,5000,8,5,3719,32,552
0.75,0.75,5000,8,6,3724,5,149
0.75,0.75,5000,8,7,3725,1,33
0.75,0.75,5000,8,8,3726,1,12
0.75,0.75,5000,8,9,3726,0,3
0.75,0.75,5000,8,10,3726,0,2
0.75,0.75,5000,8,11,3726,0,0
0.75,0.75,5000,8,12,3726,0,0
0.75,0.75,5000,8,13,3726,0,0
0.75,0.75,5000,8,14,3726,0,0
0.75,0.75,5000,8,15,3726,0,0
0.75,0.75,5000,8,16,3726,0,0
0.75,0.75,5000,8,17,3726,0,0
0.75,0.75,5000,8,18,3726,0,0
0.75,0.75,5000,8,19,3726,0,0
0.25,0.25,5000,16,1,173,168,2
0.25,0.25,5000,16,2,1346,1173,49
0.25,0.25,5000,16,3,2954,1608,314
0.25,0.25,5000,16,4,3595,641,663
0.25,0.25,5000,16,5,3837,242,628
0.25,0.25,5000,16,6,3938,101,569
0.25,0.25,5000,16,7,4004,66,405
0.25,0.25,5000,16,8,4046,42,330
0.25,0.25,5000,16,9,4068,22,278
0.25,0.25,5000,16,10,4083,15,203
0.25,0.25,5000,16,11,4093,10,175
0.25,0.25,5000,16,12,4100,7,113
0.25,0.25,5000,16,13,4103,3,91
0.25,0.25,5000,16,14,4103,0,74
0.25,0.25,5000,16,15,4103,0,49
0.25,0.25,5000,16,16,4104,1,46
0.25,0.25,5000,16,17,4105,1,27
0.25,0.25,5000,16,18,4105,0,27
0.25,0.25,5000,16,19,4105,0,16
0.25,0.25,5000,16,20,4106,1,11
0.25,0.25,5000,16,21,4106,0,6
0.25,0.25,5000,16,22,4106,0,8
0.25,0.25,5000,16,23,4106,0,8
0.25,0.25,5000,16,24,4106,0,3
0.25,0.25,5000,16,25,4106,0,3
0.25,0.25,5000,16,26,4106,0,1
0.25,0.25,5000,16,27,4106,0,1
0.25,0.25,5000,16,28,4106,0,1
0.25,0.25,5000,16,29,4106,0,1
0.25,0.25,5000,16,30,4106,0,1
0.25,0.25,5000,16,31,4106,0,0
0.25,0.25,5000,16,32,4106,0,1
0.25,0.25,5000,16,33,4106,0,1
0.25,0.25,5000,16,34,4106,0,1
0.25,0.25,5000,16,35,4106,0,0
0.25,0.25,5000,16,36,4106,0,0
0.25,0.25,5000,16,37,4106,0,0
0.25,0.25,5000,16,38,4106,0,0
0.25,0.25,5000,16,39,4106,0,0
0.25,0.25,5000,16,40,4106,0,0
0.25,0.25,5000,16,41,4106,0,0
0.25,0.25,5000,16,42,4106,0,0
0.25,0.25,5000,16,43,4106,0,0
0.25,0.5,5000,16,1,152,147,4
0.25,0.5,5000,16,2,1322,1170,73
0.25,0.5,5000,16,3,2964,1642,633
0.25,0.5,5000,16,4,3556,592,1119
0.25,0.5,5000,16,5,3737,181,860
0.25,0.5,5000,16,6,3803,66,515
0.25,0.5,5000,16,7,3835,32,316
0.25,0.5,5000,16,8,3850,15,161
0.25,0.5,5000,16,9,3855,5,75
0.25,0.5,5000,16,10,3860,5,50
0.25,0.5,5000,16,11,3861,1,23
0.25,0.5,5000,16,12,3861,0,16
0.25,0.5,5000,16,13,3861,0,8
0.25,0.5,5000,16,14,3861,0,4
0.25,0.5,5000,16,15,3861,0,3
0.25,0.5,5000,16,16,3861,0,0
0.25,0.5,5000,16,17,3861,0,1
0.25,0.5,5000,16,18,3861,0,0
0.25,0.5,5000,16,19,3861,0,0
0.25,0.5,5000,16,20,3861,0,0
0.25,0.5,5000,16,21,3861,0,0
0.25,0.5,5000,16,22,3861,0,0
0.25,0.5,5000,16,23,3861,0,0
0.25,0.5,5000,16,24,3861,0,0
0.25,0.5,5000,16,25,3861,0,0
0.25,0.5,5000,16,26,3861,0,0
0.25,0.75,5000,16,1,83,78,2
0.25,0.75,5000,16,2,973,890,61
0.25,0.75,5000,16,3,2730,1757,661
0.25,0.75,5000,16,4,3380,650,1559
0.25,0.75,5000,16,5,3533,153,825
0.25,0.75,5000,16,6,3569,36,298
0.25,0.75,5000,16,7,3579,10,118
0.25,0.75,5000,16,8,3581,2,45
0.25,0.75,5000,16,9,3581,0,10
0.25,0.75,5000,16,10,3581,0,1
0.25,0.75,5000,16,11,3582,1,0
0.25,0.75,5000,16,12,3582,0,2
0.25,0.75,5000,16,13,3582,0,0
0.25,0.75,5000,16,14,3582,0,0
0.25,0.75,5000,16,15,3582,0,0
0.25,0.75,5000,16,16,3582,0,0
0.25,0.75,5000,16,17,3582,0,0
0.25,0.75,5000,16,18,3582,0,0
0.25,0.75,5000,16,19,3582,0,0
0.25,0.75,5000,16,20,3582,0,0
0.25,0.75,5000,16,21,3582,0,0
0.5,0.25,5000,16,1,199,194,0
0.5,0.25,5000,16,2,2287,2088,57
0.5,0.25,5000,16,3,3840,1553,541
0.5,0.25,5000,16,4,4158,318,839
0.5,0.25,5000,16,5,4264,106,695
0.5,0.25,5000,16,6,4288,24,511
0.5,0.25,5000,16,7,4297,9,410
0.5,0.25,5000,16,8,4303,6,302
0.5,0.25,5000,16,9,4305,2,226
0.5,0.25,5000,16,10,4307,2,193
0.5,0.25,5000,16,11,4307,0,115
0.5,0.25,5000,16,12,4308,1,101
0.5,0.25,5000,16,13,4308,0,66
0.5,0.25,5000,16,14,4308,0,83
0.5,0.25,5000,16,15,4308,0,38
0.5,0.25,5000,16,16,4308,0,39
0.5,0.25,5000,16,17,4308,0,25
0.5,0.25,5000,16,18,4308,0,14
0.5,0.25,5000,16,19,4308,0,13
0.5,0.25,5000,16,20,4308,0,11
0.5,0.25,5000,16,21,4308,0,11
0.5,0.25,5000,16,22,4308,0,8
0.5,0.25,5000,16,23,4308,0,3
0.5,0.25,5000,16,24,4308,0,2
0.5,0.25,5000,16,25,4308,0,1
0.5,0.25,5000,16,26,4308,0,0
0.5,0.25,5000,16,27,4308,0,1
0.5,0.25,5000,16,28,4308,0,0
0.5,0.25,5000,16,29,4308,0,3
0.5,0.25,5000,16,30,4308,0,0
0.5,0.25,5000,16,31,4308,0,0
0.5,0.25,5000,16,32,4308,0,0
0.5,0.25,5000,16,33,4308,0,0
0.5,0.25,5000,16,34,4308,0,0
0.5,0.25,5000,16,35,4308,0,0
0.5,0.25,5000,16,36,4308,0,0
0.5,0.25,5000,16,37,4308,0,0
0.5,0.25,5000,16,38,4308,0,0
0.5,0.5,5000,16,1,133,128,2
0.5,0.5,5000,16,2,1823,1690,64
0.5,0.5,5000,16,3,3758,1935,887
0.5,0.5,5000,16,4,4114,356,1423
0.5,0.5,5000,16,5,4181,67,866
0.5,0.5,5000,16,6,4203,22,467
0.5,0.5,5000,16,7,4214,11,250
0.5,0.5,5000,16,8,4214,0,124
0.5,0.5,5000,16,9,4214,0,65
0.5,0.5,5000,16,10,4214,0,37
0.5,0.5,5000,16,11,4214,0,11
0.5,0.5,5000,16,12,4214,0,8
0.5,0.5,5000,16,13,4214,0,3
0.5,0.5,5000,16,14,4214,0,4
0.5,0.5,5000,16,15,4214,0,2
0.5,0.5,5000,16,16,4214,0,0
0.5,0.5,5000,16,17,4214,0,1
0.5,0.5,5000,16,18,4214,0,0
0.5,0.5,5000,16,19,4214,0,0
0.5,0.5,5000,16,20,4214,0,0
0.5,0.5,5000,16,21,4214,0,0
0.5,0.5,5000,16,22,4214,0,0
0.5,0.5,5000,16,23,4214,0,0
0.5,0.5,5000,16,24,4214,0,0
0.5,0.5,5000,16,25,4214,0,0
0.5,0.5,5000,16,26,4214,0,0
0.5,0.75,5000,16,1,355,350,4
0.5,0.75,5000,16,2,2702,2347,273
0.5,0.75,5000,16,3,3870,1168,1824
0.5,0.75,5000,16,4,4059,189,1329
0.5,0.75,5000,16,5,4087,28,473
0.5,0.75,5000,16,6,4092,5,134
0.5,0.75,5000,16,7,4093,1,40
0.5,0.75,5000,16,8,4093,0,12
0.5,0.75,5000,16,9,4093,0,4
0.5,0.75,5000,16,10,4093,0,0
0.5,0.75,5000,16,11,4093,0,0
0.5,0.75,5000,16,12,4093,0,0
0.5,0.75,5000,16,13,4093,0,0
0.5,0.75,5000,16,14,4093,0,0
0.5,0.75,5000,16,15,4093,0,0
0.5,0.75,5000,16,16,4093,0,0
0.5,0.75,5000,16,17,4093,0,0
0.5,0.75,5000,16,18,4093,0,0
0.75,0.25,5000,16,1,149,144,2
0.75,0.25,5000,16,2,2394,2245,41
0.75,0.25,5000,16,3,4134,1740,609
0.75,0.25,5000,16,4,4339,205,832
0.75,0.25,5000,16,5,4367,28,689
0.75,0.25,5000,16,6,4373,6,556
0.75,0.25,5000,16,7,4374,1,387
0.75,0.25,5000,16,8,4374,0,305
0.75,0.25,5000,16,9,4374,0,227
0.75,0.25,5000,16,10,4374,0,185
0.75,0.25,5000,16,11,4374,0,122
0.75,0.25,5000,16,12,4374,0,101
0.75,0.25,5000,16,13,4374,0,78
0.75,0.25,5000,16,14,4374,0,59
0.75,0.25,5000,16,15,4374,0,34
0.75,0.25,5000,16,16,4374,0,42
0.75,0.25,5000,16,17,4374,0,28
0.75,0.25,5000,16,18,4374,0,14
0.75,0.25,5000,16,19,4374,0,16
0.75,0.25,5000,16,20,4374,0,11
0.75,0.25,5000,16,21,4374,0,10
0.75,0.25,5000,16,22,4374,0,4
0.75,0.25,5000,16,23,4374,0,4
0.75,0.25,5000,16,24,4374,0,4
0.75,0.25,5000,16,25,4374,0,4
0.75,0.25,5000,16,26,4374,0,5
0.75,0.25,5000,16,27,4374,0,1
0.75,0.25,5000,16,28,4374,0,0
0.75,0.25,5000,16,29,4374,0,0
0.75,0.25,5000,16,30,4374,0,2
0.75,0.25,5000,16,31,4374,0,0
0.75,0.25,5000,16,32,4374,0,1
0.75,0.25,5000,16,33,4374,0,1
0.75,0.25,5000,16,34,4374,0,0
0.75,0.25,5000,16,35,4374,0,0
0.75,0.25,5000,16,36,4374,0,0
0.75,0.25,5000,16,37,4374,0,0
0.75,0.25,5000,16,38,4374,0,0
0.75,0.25,5000,16,39,4374,0,0
0.75,0.25,5000,16,40,4374,0,0
0.75,0.25,5000,16,41,4374,0,0
0.75,0.25,5000,16,42,4374,0,0
0.75,0.5,5000,16,1,252,247,2
0.75,0.5,5000,16,2,2830,2578,134
0.75,0.5,5000,16,3,4163,1333,1366
0.75,0.5,5000,16,4,4319,156,1370
0.75,0.5,5000,16,5,4336,17,741
0.75,0.5,5000,16,6,4337,1,366
0.75,0.5,5000,16,7,4337,0,150
0.75,0.5,5000,16,8,4338,1,107
0.75,0.5,5000,16,9,4338,0,43
0.75,0.5,5000,16,10,4338,0,31
0.75,0.5,5000,16,11,4338,0,12
0.75,0.5,5000,16,12,4338,0,11
0.75,0.5,5000,16,13,4338,0,4
0.75,0.5,5000,16,14,4338,0,1
0.75,0.5,5000,16,15,4338,0,0
0.75,0.5,5000,16,16,4338,0,0
0.75,0.5,5000,16,17,4338,0,0
0.75,0.5,5000,16,18,4338,0,0
0.75,0.5,5000,16,19,4338,0,0
0.75,0.5,5000,16,20,4338,0,0
0.75,0.5,5000,16,21,4338,0,0
0.75,0.5,5000,16,22,4338,0,0
0.75,0.5,5000,16,23,4338,0,0
0.75,0.75,5000,16,1,136,131,4
0.75,0.75,5000,16,2,2377,2241,85
0.75,0.75,5000,16,3,4107,1730,1732
0.75,0.75,5000,16,4,4275,168,1682
0.75,0.75,5000,16,5,4294,19,561
0.75,0.75,5000,16,6,4296,2,159
0.75,0.75,5000,16,7,4296,0,52
0.75,0.75,5000,16,8,4296,0,16
0.75,0.75,5000,16,9,4296,0,4
0.75,0.75,5000,16,10,4296,0,0
0.75,0.75,5000,16,11,4296,0,1
0.75,0.75,5000,16,12,4296,0,0
0.75,0.75,5000,16,13,4296,0,0
0.75,0.75,5000,16,14,4296,0,0
0.75,0.75,5000,16,15,4296,0,0
0.75,0.75,5000,16,16,4296,0,0
0.75,0.75,5000,16,17,4296,0,0
0.75,0.75,5000,16,18,4296,0,0
0.75,0.75,5000,16,19,4296,0,0
0.75,0.75,5000,16,20,4296,0,0
0.25,0.25,10000,2,1,12,7,1
0.25,0.25,10000,2,2,51,39,1
0.25,0.25,10000,2,3,225,174,11
0.25,0.25,10000,2,4,686,461,60
0.25,0.25,10000,2,5,1407,721,156
0.25,0.25,10000,2,6,2016,609,294
0.25,0.25,10000,2,7,2427,411,399
0.25,0.25,10000,2,8,2714,287,369
0.25,0.25,10000,2,9,2923,209,361
0.25,0.25,10000,2,10,3066,143,315
0.25,0.25,10000,2,11,3146,80,282
0.25,0.25,10000,2,12,3192,46,236
0.25,0.25,10000,2,13,3230,38,171
0.25,0.25,10000,2,14,3253,23,124
0.25,0.25,10000,2,15,3266,13,125
0.25,0.25,10000,2,16,3280,14,87
0.25,0.25,10000,2,17,3292,12,69
0.25,0.25,10000,2,18,3298,6,58
0.25,0.25,10000,2,19,3303,5,45
0.25,0.25,10000,2,20,3306,3,37
0.25,0.25,10000,2,21,3307,1,30
0.25,0.25,10000,2,22,3307,0,19
0.25,0.25,10000,2,23,3307,0,14
0.25,0.25,10000,2,24,3307,0,12
0.25,0.25,10000,2,25,3308,1,8
0.25,0.25,10000,2,26,3308,0,7
0.25,0.25,10000,2,27,3308,0,6
0.25,0.25,10000,2,28,3308,0,2
0.25,0.25,10000,2,29,3308,0,2
0.25,0.25,10000,2,30,3308,0,2
0.25,0.25,10000,2,31,3308,0,1
0.25,0.25,10000,2,32,3308,0,0
0.25,0.25,10000,2,33,3308,0,1
0.25,0.25,10000,2,34,3308,0,0
0.25,0.25,10000,2,35,3308,0,2
0.25,0.25,10000,2,36,3308,0,1
0.25,0.25,10000,2,37,3308,0,0
0.25,0.25,10000,2,38,3308,0,0
0.25,0.25,10000,2,39,3308,0,0
0.25,0.25,10000,2,40,3308,0,0
0.25,0.25,10000,2,41,3308,0,0
0.25,0.25,10000,2,42,3308,0,0
0.25,0.25,10000,2,43,3308,0,0
0.25,0.25,10000,2,44,3308,0,0
0.25,0.25,10000,2,45,3308,0,0
0.25,0.5,10000,2,1,19,14,3
0.25,0.5,10000,2,2,78,59,8
0.25,0.5,10000,2,3,306,228,35
0.25,0.5,10000,2,4,824,518,122
0.25,0.5,10000,2,5,1381,557,334
0.25,0.5,10000,2,6,1864,483,457
0.25,0.5,10000,2,7,2156,292,432
0.25,0.5,10000,2,8,2333,177,404
0.25,0.5,10000,2,9,2425,92,273
0.25,0.5,10000,2,10,2472,47,187
0.25,0.5,10000,2,11,2502,30,107
0.25,0.5,10000,2,12,2519,17,72
0.25,0.5,10000,2,13,2525,6,43
0.25,0.5,10000,2,14,2529,4,25
0.25,0.5,10000,2,15,2530,1,11
0.25,0.5,10000,2,16,2531,1,6
0.25,0.5,10000,2,17,2532,1,5
0.25,0.5,10000,2,18,2532,0,4
0.25,0.5,10000,2,19,2532,0,1
0.25,0.5,10000,2,20,2532,0,2
0.25,0.5,10000,2,21,2532,0,1
0.25,0.5,10000,2,22,2532,0,0
0.25,0.5,10000,2,23,2532,0,0
0.25,0.5,10000,2,24,2532,0,0
0.25,0.5,10000,2,25,2532,0,0
0.25,0.5,10000,2,26,2532,0,0
0.25,0.5,10000,2,27,2532,0,0
0.25,0.5,10000,2,28,2532,0,0
0.25,0.5,10000,2,29,2532,0,0
0.25,0.5,10000,2,30,2532,0,0
0.25,0.75,10000,2,1,35,30,5
0.25,0.75,10000,2,2,191,156,24
0.25,0.75,10000,2,3,654,463,117
0.25,0.75,10000,2,4,1253,599,369
0.25,0.75,10000,2,5,1671,418,566
0.25,0.75,10000,2,6,1859,188,427
0.25,0.75,10000,2,7,1958,99,254
0.25,0.75,10000,2,8,2006,48,150
0.25,0.75,10000,2,9,2026,20,76
0.25,0.75,10000,2,10,2040,14,29
0.25,0.75,10000,2,11,2045,5,16
0.25,0.75,10000,2,12,2047,2,7
0.25,0.75,10000,2,13,2049,2,6
0.25,0.75,10000,2,14,2049,0,2
0.25,0.75,10000,2,15,2049,0,0
0.25,0.75,10000,2,16,2049,0,1
0.25,0.75,10000,2,17,2049,0,0
0.25,0.75,10000,2,18,2049,0,0
0.25,0.75,10000,2,19,2049,0,0
0.25,0.75,10000,2,20,2049,0,0
0.25,0.75,10000,2,21,2049,0,0
0.25,0.75,10000,2,22,2049,0,0
0.25,0.75,10000,2,23,2049,0,0
0.25,0.75,10000,2,24,2049,0,0
0.25,0.75,10000,2,25,2049,0,0
0.5,0.25,10000,2,1,23,18,2
0.5,0.25,10000,2,2,164,141,7
0.5,0.25,10000,2,3,953,789,40
0.5,0.25,10000,2,4,2223,1270,220
0.5,0.25,10000,2,5,3153,930,455
0.5,0.25,10000,2,6,3640,487,577
0.5,0.25,10000,2,7,3878,238,554
0.5,0.25,10000,2,8,4000,122,503
0.5,0.25,10000,2,9,4063,63,418
0.5,0.25,10000,2,10,4094,31,305
0.5,0.25,10000,2,11,4106,12,267
0.5,0.25,10000,2,12,4110,4,176
0.5,0.25,10000,2,13,4111,1,140
0.5,0.25,10000,2,14,4113,2,125
0.5,0.25,10000,2,15,4114,1,77
0.5,0.25,10000,2,16,4117,3,49
0.5,0.25,10000,2,17,4118,1,47
0.5,0.25,10000,2,18,4118,0,46
0.5,0.25,10000,2,19,4118,0,26
0.5,0.25,10000,2,20,4118,0,24
0.5,0.25,10000,2,21,4118,0,18
0.5,0.25,10000,2,22,4118,0,9
0.5,0.25,10000,2,23,4118,0,6
0.5,0.25,10000,2,24,4118,0,7
0.5,0.25,10000,2,25,4118,0,4
0.5,0.25,10000,2,26,4118,0,2
0.5,0.25,10000,2,27,4118,0,4
0.5,0.25,10000,2,28,4118,0,3
0.5,0.25,10000,2,29,4118,0,1
0.5,0.25,10000,2,30,4118,0,0
0.5,0.25,10000,2,31,4118,0,2
0.5,0.25,10000,2,32,4118,0,0
0.5,0.25,10000,2,33,4118,0,2
0.5,0.25,10000,2,34,4118,0,0
0.5,0.25,10000,2,35,4118,0,0
0.5,0.25,10000,2,36,4118,0,0
0.5,0.25,10000,2,37,4118,0,1
0.5,0.25,10000,2,38,4118,0,0
0.5,0.25,10000,2,39,4118,0,0
0.5,0.25,10000,2,40,4118,0,0
0.5,0.25,10000,2,41,4118,0,1
0.5,0.25,10000,2,42,4118,0,0
0.5,0.25,10000,2,43,4118,0,0
0.5,0.25,10000,2,44,4118,0,0
0.5,0.25,10000,2,45,4118,0,0
0.5,0.25,10000,2,46,4118,0,0
0.5,0.25,10000,2,47,4118,0,0
0.5,0.25,10000,2,48,4118,0,0
0.5,0.25,10000,2,49,4118,0,0
0.5,0.25,10000,2,50,4118,0,0
0.5,0.5,10000,2,1,220,215,3
0.5,0.5,10000,2,2,1051,831,115
0.5,0.5,10000,2,3,2265,1214,433
0.5,0.5,10000,2,4,3033,768,900
0.5,0.5,10000,2,5,3378,345,822
0.5,0.5,10000,2,6,3535,157,537
0.5,0.5,10000,2,7,3598,63,364
0.5,0.5,10000,2,8,3624,26,195
0.5,0.5,10000,2,9,3638,14,143
0.5,0.5,10000,2,10,3644,6,57
0.5,0.5,10000,2,11,3644,0,39
0.5,0.5,10000,2,12,3645,1,17
0.5,0.5,10000,2,13,3646,1,10
0.5,0.5,10000,2,14,3646,0,7
0.5,0.5,10000,2,15,3646,0,1
0.5,0.5,10000,2,16,3647,1,1
0.5,0.5,10000,2,17,3647,0,1
0.5,0.5,10000,2,18,3647,0,2
0.5,0.5,10000,2,19,3647,0,0
0.5,0.5,10000,2,20,3647,0,0
0.5,0.5,10000,2,21,3647,0,0
0.5,0.5,10000,2,22,3647,0,0
0.5,0.5,10000,2,23,3647,0,0
0.5,0.5,10000,2,24,3647,0,0
0.5,0.5,10000,2,25,3647,0,0
0.5,0.5,10000,2,26,3647,0,0
0.5,0.5,10000,2,27,3647,0,0
0.5,0.75,10000,2,1,7,2,4
0.5,0.75,10000,2,2,37,30,2
0.5,0.75,10000,2,3,310,273,20
0.5,0.75,10000,2,4,1341,1031,225
0.5,0.75,10000,2,5,2428,1087,830
0.5,0.75,10000,2,6,2973,545,995
0.5,0.75,10000,2,7,3165,192,648
0.5,0.75,10000,2,8,3241,76,323
0.5,0.75,10000,2,9,3275,34,158
0.5,0.75,10000,2,10,3285,10,46
0.5,0.75,10000,2,11,3289,4,21
0.5,0.75,10000,2,12,3292,3,11
0.5,0.75,10000,2,13,3292,0,6
0.5,0.75,10000,2,14,3292,0,2
0.5,0.75,10000,2,15,3292,0,1
0.5,0.75,10000,2,16,3292,0,0
0.5,0.75,10000,2,17,3292,0,0
0.5,0.75,10000,2,18,3292,0,0
0.5,0.75,10000,2,19,3292,0,0
0.5,0.75,10000,2,20,3292,0,0
0.5,0.75,10000,2,21,3292,0,0
0.5,0.75,10000,2,22,3292,0,0
0.5,0.75,10000,2,23,3292,0,0
0.5,0.75,10000,2,24,3292,0,0
0.75,0.25,10000,2,1,183,178,1
0.75,0.25,10000,2,2,1432,1249,54
0.75,0.25,10000,2,3,3138,1706,339
0.75,0.25,10000,2,4,3960,822,653
0.75,0.25,10000,2,5,4257,297,713
0.75,0.25,10000,2,6,4345,88,604
0.75,0.25,10000,2,7,4380,35,476
0.75,0.25,10000,2,8,4391,11,378
0.75,0.25,10000,2,9,4396,5,296
0.75,0.25,10000,2,10,4397,1,202
0.75,0.25,10000,2,11,4397,0,176
0.75,0.25,10000,2,12,4397,0,136
0.75,0.25,10000,2,13,4397,0,91
0.75,0.25,10000,2,14,4397,0,62
0.75,0.25,10000,2,15,4397,0,60
0.75,0.25,10000,2,16,4397,0,32
0.75,0.25,10000,2,17,4397,0,37
0.75,0.25,10000,2,18,4397,0,21
0.75,0.25,10000,2,19,4397,0,16
0.75,0.25,10000,2,20,4397,0,13
0.75,0.25,10000,2,21,4397,0,11
0.75,0.25,10000,2,22,4397,0,7
0.75,0.25,10000,2,23,4397,0,7
0.75,0.25,10000,2,24,4397,0,3
0.75,0.25,10000,2,25,4397,0,2
0.75,0.25,10000,2,26,4397,0,0
0.75,0.25,10000,2,27,4397,0,0
0.75,0.25,10000,2,28,4397,0,2
0.75,0.25,10000,2,29,4397,0,3
0.75,0.25,10000,2,30,4397,0,0
0.75,0.25,10000,2,31,4397,0,1
0.75,0.25,10000,2,32,4397,0,0
0.75,0.25,10000,2,33,4397,0,0
0.75,0.25,10000,2,34,4397,0,1
0.75,0.25,10000,2,35,4397,0,0
0.75,0.25,10000,2,36,4397,0,0
0.75,0.25,10000,2,37,4397,0,0
0.75,0.25,10000,2,38,4397,0,0
0.75,0.25,10000,2,39,4397,0,0
0.75,0.25,10000,2,40,4397,0,0
0.75,0.25,10000,2,41,4397,0,0
0.75,0.25,10000,2,42,4397,0,0
0.75,0.25,10000,2,43,4397,0,0
0.75,0.5,10000,2,1,37,32,3
0.75,0.5,10000,2,2,417,380,18
0.75,0.5,10000,2,3,2006,1589,188
0.75,0.5,10000,2,4,3418,1412,892
0.75,0.5,10000,2,5,4013,595,1150
0.75,0.5,10000,2,6,4187,174,861
0.75,0.5,10000,2,7,4239,52,540
0.75,0.5,10000,2,8,4259,20,294
0.75,0.5,10000,2,9,4265,6,140
0.75,0.5,10000,2,10,4265,0,91
0.75,0.5,10000,2,11,4265,0,51
0.75,0.5,10000,2,12,4265,0,18
0.75,0.5,10000,2,13,4265,0,6
0.75,0.5,10000,2,14,4265,0,8
0.75,0.5,10000,2,15,4265,0,2
0.75,0.5,10000,2,16,4265,0,0
0.75,0.5,10000,2,17,4265,0,2
0.75,0.5,10000,2,18,4265,0,1
0.75,0.5,10000,2,19,4265,0,0
0.75,0.5,10000,2,20,4265,0,0
0.75,0.5,10000,2,21,4265,0,0
0.75,0.5,10000,2,22,4265,0,0
0.75,0.5,10000,2,23,4265,0,0
0.75,0.5,10000,2,24,4265,0,0
0.75,0.5,10000,2,25,4265,0,0
0.75,0.5,10000,2,26,4265,0,0
0.75,0.5,10000,2,27,4265,0,0
0.75,0.75,10000,2,1,10,5,4
0.75,0.75,10000,2,2,27,17,4
0.75,0.75,10000,2,3,350,323,13
0.75,0.75,10000,2,4,1751,1401,236
0.75,0.75,10000,2,5,3270,1519,1103
0.75,0.75,10000,2,6,3861,591,1453
0.75,0.75,10000,2,7,4012,151,779
0.75,0.75,10000,2,8,4062,50,317
0.75,0.75,10000,2,9,4072,10,115
0.75,0.75,10000,2,10,4074,2,39
0.75,0.75,10000,2,11,4074,0,6
0.75,0.75,10000,2,12,4074,0,4
0.75,0.75,10000,2,13,4074,0,1
0.75,0.75,10000,2,14,4074,0,0
0.75,0.75,10000,2,15,4074,0,0
0.75,0.75,10000,2,16,4074,0,0
0.75,0.75,10000,2,17,4074,0,0
0.75,0.75,10000,2,18,4074,0,0
0.75,0.75,10000,2,19,4074,0,0
0.75,0.75,10000,2,20,4074,0,0
0.75,0.75,10000,2,21,4074,0,0
0.75,0.75,10000,2,22,4074,0,0
0.25,0.25,10000,8,1,32,27,1
0.25,0.25,10000,8,2,348,316,8
0.25,0.25,10000,8,3,2169,1821,84
0.25,0.25,10000,8,4,4406,2237,502
0.25,0.25,10000,8,5,5639,1233,970
0.25,0.25,10000,8,6,6212,573,1033
0.25,0.25,10000,8,7,6521,309,947
0.25,0.25,10000,8,8,6687,166,740
0.25,0.25,10000,8,9,6787,100,610
0.25,0.25,10000,8,10,6851,64,463
0.25,0.25,10000,8,11,6886,35,364
0.25,0.25,10000,8,12,6902,16,268
0.25,0.25,10000,8,13,6916,14,219
0.25,0.25,10000,8,14,6920,4,187
0.25,0.25,10000,8,15,6925,5,120
0.25,0.25,10000,8,16,6926,1,104
0.25,0.25,10000,8,17,6926,0,70
0.25,0.25,10000,8,18,6927,1,63
0.25,0.25,10000,8,19,6927,0,44
0.25,0.25,10000,8,20,6928,1,36
0.25,0.25,10000,8,21,6928,0,30
0.25,0.25,10000,8,22,6928,0,11
0.25,0.25,10000,8,23,6928,0,11
0.25,0.25,10000,8,24,6929,1,10
0.25,0.25,10000,8,25,6930,1,10
0.25,0.25,10000,8,26,6930,0,6
0.25,0.25,10000,8,27,6930,0,3
0.25,0.25,10000,8,28,6930,0,4
0.25,0.25,10000,8,29,6930,0,2
0.25,0.25,10000,8,30,6930,0,0
0.25,0.25,10000,8,31,6930,0,4
0.25,0.25,10000,8,32,6930,0,3
0.25,0.25,10000,8,33,6930,0,0
0.25,0.25,10000,8,34,6930,0,0
0.25,0.25,10000,8,35,6930,0,1
0.25,0.25,10000,8,36,6930,0,0
0.25,0.25,10000,8,37,6930,0,1
0.25,0.25,10000,8,38,6930,0,0
0.25,0.25,10000,8,39,6930,0,0
0.25,0.25,10000,8,40,6930,0,0
0.25,0.25,10000,8,41,6930,0,0
0.25,0.25,10000,8,42,6930,0,0
0.25,0.25,10000,8,43,6930,0,0
0.25,0.25,10000,8,44,6930,0,0
0.25,0.25,10000,8,45,6930,0,0
0.25,0.25,10000,8,46,6930,0,1
0.25,0.25,10000,8,47,6930,0,0
0.25,0.25,10000,8,48,6930,0,0
0.25,0.25,10000,8,49,6930,0,0
0.25,0.25,10000,8,50,6930,0,0
0.25,0.25,10000,8,51,6930,0,0
0.25,0.25,10000,8,52,6930,0,0
0.25,0.25,10000,8,53,6930,0,0
0.25,0.25,10000,8,54,6930,0,0
0.25,0.25,10000,8,55,6930,0,0
0.25,0.5,10000,8,1,19,14,2
0.25,0.5,10000,8,2,172,153,8
0.25,0.5,10000,8,3,1455,1283,83
0.25,0.5,10000,8,4,3760,2305,712
0.25,0.5,10000,8,5,5062,1302,1435
0.25,0.5,10000,8,6,5624,562,1411
0.25,0.5,10000,8,7,5881,257,1011
0.25,0.5,10000,8,8,5994,113,582
0.25,0.5,10000,8,9,6056,62,390
0.25,0.5,10000,8,10,6074,18,217
0.25,0.5,10000,8,11,6088,14,107
0.25,0.5,10000,8,12,6092,4,70
0.25,0.5,10000,8,13,6097,5,35
0.25,0.5,10000,8,14,6097,0,20
0.25,0.5,10000,8,15,6097,0,6
0.25,0.5,10000,8,16,6097,0,7
0.25,0.5,10000,8,17,6097,0,1
0.25,0.5,10000,8,18,6097,0,0
0.25,0.5,10000,8,19,6097,0,0
0.25,0.5,10000,8,20,6097,0,0
0.25,0.5,10000,8,21,6097,0,0
0.25,0.5,10000,8,22,6097,0,0
0.25,0.5,10000,8,23,6097,0,0
0.25,0.5,10000,8,24,6097,0,0
0.25,0.5,10000,8,25,6097,0,0
0.25,0.5,10000,8,26,6097,0,0
0.25,0.75,10000,8,1,41,36,3
0.25,0.75,10000,8,2,471,430,30
0.25,0.75,10000,8,3,2458,1987,328
0.25,0.75,10000,8,4,4409,1951,1591
0.25,0.75,10000,8,5,5179,770,1867
0.25,0.75,10000,8,6,5440,261,1006
0.25,0.75,10000,8,7,5515,75,449
0.25,0.75,10000,8,8,5547,32,182
0.25,0.75,10000,8,9,5559,12,68
0.25,0.75,10000,8,10,5562,3,23
0.25,0.75,10000,8,11,5563,1,11
0.25,0.75,10000,8,12,5564,1,5
0.25,0.75,10000,8,13,5564,0,1
0.25,0.75,10000,8,14,5564,0,0
0.25,0.75,10000,8,15,5564,0,0
0.25,0.75,10000,8,16,5564,0,0
0.25,0.75,10000,8,17,5564,0,0
0.25,0.75,10000,8,18,5564,0,0
0.25,0.75,10000,8,19,5564,0,0
0.25,0.75,10000,8,20,5564,0,0
0.25,0.75,10000,8,21,5564,0,0
0.25,0.75,10000,8,22,5564,0,0
0.5,0.25,10000,8,1,37,32,0
0.5,0.25,10000,8,2,848,811,11
0.5,0.25,10000,8,3,4288,3440,191
0.5,0.25,10000,8,4,6491,2203,1045
0.5,0.25,10000,8,5,7177,686,1254
0.5,0.25,10000,8,6,7404,227,1212
0.5,0.25,10000,8,7,7506,102,936
0.5,0.25,10000,8,8,7542,36,728
0.5,0.25,10000,8,9,7558,16,506
0.5,0.25,10000,8,10,7567,9,415
0.5,0.25,10000,8,11,7568,1,328
0.5,0.25,10000,8,12,7569,1,234
0.5,0.25,10000,8,13,7569,0,165
0.5,0.25,10000,8,14,7569,0,156
0.5,0.25,10000,8,15,7569,0,98
0.5,0.25,10000,8,16,7569,0,68
0.5,0.25,10000,8,17,7569,0,51
0.5,0.25,10000,8,18,7569,0,45
0.5,0.25,10000,8,19,7569,0,28
0.5,0.25,10000,8,20,7569,0,34
0.5,0.25,10000,8,21,7569,0,10
0.5,0.25,10000,8,22,7569,0,13
0.5,0.25,10000,8,23,7569,0,9
0.5,0.25,10000,8,24,7569,0,11
0.5,0.25,10000,8,25,7569,0,5
0.5,0.25,10000,8,26,7569,0,3
0.5,0.25,10000,8,27,7569,0,2
0.5,0.25,10000,8,28,7569,0,5
0.5,0.25,10000,8,29,7569,0,3
0.5,0.25,10000,8,30,7569,0,0
0.5,0.25,10000,8,31,7569,0,1
0.5,0.25,10000,8,32,7569,0,1
0.5,0.25,10000,8,33,7569,0,1
0.5,0.25,10000,8,34,7569,0,0
0.5,0.25,10000,8,35,7569,0,0
0.5,0.25,10000,8,36,7569,0,0
0.5,0.25,10000,8,37,7569,0,0
0.5,0.25,10000,8,38,7569,0,0
0.5,0.25,10000,8,39,7569,0,0
0.5,0.25,10000,8,40,7569,0,0
0.5,0.25,10000,8,41,7569,0,0
0.5,0.25,10000,8,42,7569,0,0
0.5,0.5,10000,8,1,164,159,1
0.5,0.5,10000,8,2,2086,1922,67
0.5,0.5,10000,8,3,5408,3322,1017
0.5,0.5,10000,8,4,6682,1274,2073
0.5,0.5,10000,8,5,7033,351,1765
0.5,0.5,10000,8,6,7157,124,1081
0.5,0.5,10000,8,7,7194,37,565
0.5,0.5,10000,8,8,7204,10,305
0.5,0.5,10000,8,9,7212,8,153
0.5,0.5,10000,8,10,7212,0,99
0.5,0.5,10000,8,11,7213,1,43
0.5,0.5,10000,8,12,7213,0,29
0.5,0.5,10000,8,13,7214,1,8
0.5,0.5,10000,8,14,7214,0,3
0.5,0.5,10000,8,15,7214,0,3
0.5,0.5,10000,8,16,7214,0,1
0.5,0.5,10000,8,17,7214,0,1
0.5,0.5,10000,8,18,7214,0,0
0.5,0.5,10000,8,19,7214,0,0
0.5,0.5,10000,8,20,7214,0,0
0.5,0.5,10000,8,21,7214,0,0
0.5,0.5,10000,8,22,7214,0,0
0.5,0.5,10000,8,23,7214,0,0
0.5,0.5,10000,8,24,7214,0,0
0.5,0.5,10000,8,25,7214,0,0
0.5,0.5,10000,8,26,7214,0,0
0.5,0.75,10000,8,1,148,143,5
0.5,0.75,10000,8,2,2006,1858,107
0.5,0.75,10000,8,3,5428,3422,1408
0.5,0.75,10000,8,4,6623,1195,2925
0.5,0.75,10000,8,5,6886,263,1661
0.5,0.75,10000,8,6,6940,54,587
0.5,0.75,10000,8,7,6954,14,178
0.5,0.75,10000,8,8,6954,0,62
0.5,0.75,10000,8,9,6955,1,16
0.5,0.75,10000,8,10,6955,0,5
0.5,0.75,10000,8,11,6955,0,1
0.5,0.75,10000,8,12,6955,0,0
0.5,0.75,10000,8,13,6955,0,0
0.5,0.75,10000,8,14,6955,0,0
0.5,0.75,10000,8,15,6955,0,0
0.5,0.75,10000,8,16,6955,0,0
0.5,0.75,10000,8,17,6955,0,0
0.5,0.75,10000,8,18,6955,0,0
0.5,0.75,10000,8,19,6955,0,0
0.5,0.75,10000,8,20,6955,0,0
0.75,0.25,10000,8,1,105,100,0
0.75,0.25,10000,8,2,2017,1912,28
0.75,0.25,10000,8,3,6164,4147,493
0.75,0.25,10000,8,4,7433,1269,1376
0.75,0.25,10000,8,5,7702,269,1345
0.75,0.25,10000,8,6,7779,77,1103
0.75,0.25,10000,8,7,7793,14,830
0.75,0.25,10000,8,8,7797,4,644
0.75,0.25,10000,8,9,7800,3,504
0.75,0.25,10000,8,10,7800,0,373
0.75,0.25,10000,8,11,7800,0,284
0.75,0.25,10000,8,12,7800,0,212
0.75,0.25,10000,8,13,7800,0,157
0.75,0.25,10000,8,14,7800,0,102
0.75,0.25,10000,8,15,7800,0,83
0.75,0.25,10000,8,16,7800,0,82
0.75,0.25,10000,8,17,7800,0,41
0.75,0.25,10000,8,18,7800,0,37
0.75,0.25,10000,8,19,7800,0,26
0.75,0.25,10000,8,20,7800,0,17
0.75,0.25,10000,8,21,7800,0,16
0.75,0.25,10000,8,22,7800,0,13
0.75,0.25,10000,8,23,7800,0,9
0.75,0.25,10000,8,24,7800,0,5
0.75,0.25,10000,8,25,7800,0,3
0.75,0.25,10000,8,26,7800,0,4
0.75,0.25,10000,8,27,7800,0,2
0.75,0.25,10000,8,28,7800,0,1
0.75,0.25,10000,8,29,7800,0,4
0.75,0.25,10000,8,30,7800,0,2
0.75,0.25,10000,8,31,7800,0,1
0.75,0.25,10000,8,32,7800,0,1
0.75,0.25,10000,8,33,7800,0,1
0.75,0.25,10000,8,34,7800,0,0
0.75,0.25,10000,8,35,7800,0,0
0.75,0.25,10000,8,36,7800,0,1
0.75,0.25,10000,8,37,7800,0,0
0.75,0.25,10000,8,38,7800,0,0
0.75,0.25,10000,8,39,7800,0,0
0.75,0.25,10000,8,40,7800,0,0
0.75,0.25,10000,8,41,7800,0,0
0.75,0.25,10000,8,42,7800,0,0
0.75,0.25,10000,8,43,7800,0,0
0.75,0.25,10000,8,44,7800,0,0
0.75,0.25,10000,8,45,7800,0,0
0.75,0.5,10000,8,1,100,95,2
0.75,0.5,10000,8,2,1992,1892,44
0.75,0.5,10000,8,3,6188,4196,966
0.75,0.5,10000,8,4,7401,1213,2558
0.75,0.5,10000,8,5,7617,216,1864
0.75,0.5,10000,8,6,7663,46,1106
0.75,0.5,10000,8,7,7668,5,557
0.75,0.5,10000,8,8,7669,1,298
0.75,0.5,10000,8,9,7669,0,128
0.75,0.5,10000,8,10,7669,0,84
0.75,0.5,10000,8,11,7669,0,27
0.75,0.5,10000,8,12,7669,0,16
0.75,0.5,10000,8,13,7669,0,11
0.75,0.5,10000,8,14,7669,0,0
0.75,0.5,10000,8,15,7669,0,2
0.75,0.5,10000,8,16,7669,0,3
0.75,0.5,10000,8,17,7669,0,2
0.75,0.5,10000,8,18,7669,0,0
0.75,0.5,10000,8,19,7669,0,0
0.75,0.5,10000,8,20,7669,0,1
0.75,0.5,10000,8,21,7669,0,0
0.75,0.5,10000,8,22,7669,0,0
0.75,0.5,10000,8,23,7669,0,0
0.75,0.5,10000,8,24,7669,0,0
0.75,0.5,10000,8,25,7669,0,0
0.75,0.5,10000,8,26,7669,0,0
0.75,0.5,10000,8,27,7669,0,0
0.75,0.5,10000,8,28,7669,0,0
0.75,0.5,10000,8,29,7669,0,0
0.75,0.75,10000,8,1,170,165,5
0.75,0.75,10000,8,2,2923,2753,128
0.75,0.75,10000,8,3,6556,3633,2109
0.75,0.75,10000,8,4,7435,879,3278
0.75,0.75,10000,8,5,7544,109,1414
0.75,0.75,10000,8,6,7558,14,457
0.75,0.75,10000,8,7,7560,2,129
0.75,0.75,10000,8,8,7561,1,25
0.75,0.75,10000,8,9,7561,0,12
0.75,0.75,10000,8,10,7561,0,3
0.75,0.75,10000,8,11,7561,0,1
0.75,0.75,10000,8,12,7561,0,0
0.75,0.75,10000,8,13,7561,0,0
0.75,0.75,10000,8,14,7561,0,0
0.75,0.75,10000,8,15,7561,0,0
0.75,0.75,10000,8,16,7561,0,0
0.75,0.75,10000,8,17,7561,0,0
0.75,0.75,10000,8,18,7561,0,0
0.75,0.75,10000,8,19,7561,0,0
0.75,0.75,10000,8,20,7561,0,0
0.25,0.25,10000,16,1,115,110,1
0.25,0.25,10000,16,2,1463,1348,28
0.25,0.25,10000,16,3,5112,3649,364
0.25,0.25,10000,16,4,6847,1735,1183
0.25,0.25,10000,16,5,7545,698,1286
0.25,0.25,10000,16,6,7840,295,1181
0.25,0.25,10000,16,7,7996,156,933
0.25,0.25,10000,16,8,8062,66,780
0.25,0.25,10000,16,9,8104,42,560
0.25,0.25,10000,16,10,8136,32,437
0.25,0.25,10000,16,11,8143,7,320
0.25,0.25,10000,16,12,8154,11,273
0.25,0.25,10000,16,13,8157,3,209
0.25,0.25,10000,16,14,8160,3,148
0.25,0.25,10000,16,15,8161,1,110
0.25,0.25,10000,16,16,8163,2,75
0.25,0.25,10000,16,17,8164,1,71
0.25,0.25,10000,16,18,8165,1,54
0.25,0.25,10000,16,19,8165,0,39
0.25,0.25,10000,16,20,8165,0,27
0.25,0.25,10000,16,21,8166,1,22
0.25,0.25,10000,16,22,8166,0,18
0.25,0.25,10000,16,23,8166,0,11
0.25,0.25,10000,16,24,8166,0,7
0.25,0.25,10000,16,25,8166,0,9
0.25,0.25,10000,16,26,8166,0,8
0.25,0.25,10000,16,27,8166,0,1
0.25,0.25,10000,16,28,8166,0,1
0.25,0.25,10000,16,29,8166,0,1
0.25,0.25,10000,16,30,8166,0,4
0.25,0.25,10000,16,31,8166,0,1
0.25,0.25,10000,16,32,8166,0,1
0.25,0.25,10000,16,33,8166,0,1
0.25,0.25,10000,16,34,8166,0,0
0.25,0.25,10000,16,35,8166,0,1
0.25,0.25,10000,16,36,8166,0,1
0.25,0.25,10000,16,37,8166,0,0
0.25,0.25,10000,16,38,8166,0,0
0.25,0.25,10000,16,39,8166,0,0
0.25,0.25,10000,16,40,8166,0,0
0.25,0.25,10000,16,41,8166,0,0
0.25,0.25,10000,16,42,8166,0,0
0.25,0.25,10000,16,43,8166,0,0
0.25,0.25,10000,16,44,8166,0,0
0.25,0.25,10000,16,45,8166,0,0
0.25,0.5,10000,16,1,208,203,1
0.25,0.5,10000,16,2,2337,2129,92
0.25,0.5,10000,16,3,5693,3356,1126
0.25,0.5,10000,16,4,6966,1273,2251
0.25,0.5,10000,16,5,7391,425,1768
0.25,0.5,10000,16,6,7512,121,1098
0.25,0.5,10000,16,7,7563,51,606
0.25,0.5,10000,16,8,7580,17,297
0.25,0.5,10000,16,9,7589,9,172
0.25,0.5,10000,16,10,7595,6,79
0.25,0.5,10000,16,11,7596,1,60
0.25,0.5,10000,16,12,7596,0,25
0.25,0.5,10000,16,13,7596,0,11
0.25,0.5,10000,16,14,7596,0,2
0.25,0.5,10000,16,15,7596,0,3
0.25,0.5,10000,16,16,7596,0,1
0.25,0.5,10000,16,17,7596,0,0
0.25,0.5,10000,16,18,7596,0,1
0.25,0.5,10000,16,19,7596,0,2
0.25,0.5,10000,16,20,7596,0,1
0.25,0.5,10000,16,21,7596,0,0
0.25,0.5,10000,16,22,7596,0,0
0.25,0.5,10000,16,23,7596,0,0
0.25,0.5,10000,16,24,7596,0,0
0.25,0.5,10000,16,25,7596,0,0
0.25,0.5,10000,16,26,7596,0,0
0.25,0.5,10000,16,27,7596,0,0
0.25,0.5,10000,16,28,7596,0,0
0.25,0.5,10000,16,29,7596,0,0
0.25,0.75,10000,16,1,74,69,3
0.25,0.75,10000,16,2,1238,1164,56
0.25,0.75,10000,16,3,4781,3543,866
0.25,0.75,10000,16,4,6509,1728,2913
0.25,0.75,10000,16,5,6952,443,2028
0.25,0.75,10000,16,6,7056,104,807
0.25,0.75,10000,16,7,7086,30,274
0.25,0.75,10000,16,8,7096,10,106
0.25,0.75,10000,16,9,7099,3,37
0.25,0.75,10000,16,10,7099,0,6
0.25,0.75,10000,16,11,7100,1,2
0.25,0.75,10000,16,12,7100,0,1
0.25,0.75,10000,16,13,7100,0,1
0.25,0.75,10000,16,14,7100,0,0
0.25,0.75,10000,16,15,7100,0,0
0.25,0.75,10000,16,16,7100,0,0
0.25,0.75,10000,16,17,7100,0,0
0.25,0.75,10000,16,18,7100,0,0
0.25,0.75,10000,16,19,7100,0,0
0.25,0.75,10000,16,20,7100,0,0
0.25,0.75,10000,16,21,7100,0,0
0.25,0.75,10000,16,22,7100,0,0
0.5,0.25,10000,16,1,659,654,2
0.5,0.25,10000,16,2,5319,4660,174
0.5,0.25,10000,16,3,7800,2481,1274
0.5,0.25,10000,16,4,8361,561,1581
0.5,0.25,10000,16,5,8538,177,1385
0.5,0.25,10000,16,6,8604,66,1008
0.5,0.25,10000,16,7,8620,16,846
0.5,0.25,10000,16,8,8631,11,569
0.5,0.25,10000,16,9,8633,2,458
0.5,0.25,10000,16,10,8637,4,322
0.5,0.25,10000,16,11,8638,1,257
0.5,0.25,10000,16,12,8638,0,187
0.5,0.25,10000,16,13,8639,1,154
0.5,0.25,10000,16,14,8639,0,106
0.5,0.25,10000,16,15,8639,0,64
0.5,0.25,10000,16,16,8640,1,69
0.5,0.25,10000,16,17,8641,1,44
0.5,0.25,10000,16,18,8641,0,34
0.5,0.25,10000,16,19,8641,0,32
0.5,0.25,10000,16,20,8641,0,17
0.5,0.25,10000,16,21,8641,0,10
0.5,0.25,10000,16,22,8641,0,12
0.5,0.25,10000,16,23,8641,0,5
0.5,0.25,10000,16,24,8641,0,7
0.5,0.25,10000,16,25,8641,0,8
0.5,0.25,10000,16,26,8641,0,6
0.5,0.25,10000,16,27,8641,0,4
0.5,0.25,10000,16,28,8641,0,1
0.5,0.25,10000,16,29,8641,0,2
0.5,0.25,10000,16,30,8641,0,1
0.5,0.25,10000,16,31,8641,0,1
0.5,0.25,10000,16,32,8641,0,0
0.5,0.25,10000,16,33,8641,0,1
0.5,0.25,10000,16,34,8641,0,0
0.5,0.25,10000,16,35,8641,0,0
0.5,0.25,10000,16,36,8641,0,0
0.5,0.25,10000,16,37,8641,0,0
0.5,0.25,10000,16,38,8641,0,0
0.5,0.25,10000,16,39,8641,0,0
0.5,0.25,10000,16,40,8641,0,0
0.5,0.25,10000,16,41,8641,0,0
0.5,0.25,10000,16,42,8641,0,0
0.5,0.5,10000,16,1,530,525,2
0.5,0.5,10000,16,2,4824,4294,263
0.5,0.5,10000,16,3,7667,2843,2278
0.5,0.5,10000,16,4,8192,525,2594
0.5,0.5,10000,16,5,8310,118,1488
0.5,0.5,10000,16,6,8347,37,848
0.5,0.5,10000,16,7,8352,5,444
0.5,0.5,10000,16,8,8358,6,214
0.5,0.5,10000,16,9,8360,2,117
0.5,0.5,10000,16,10,8360,0,56
0.5,0.5,10000,16,11,8360,0,27
0.5,0.5,10000,16,12,8360,0,15
0.5,0.5,10000,16,13,8360,0,6
0.5,0.5,10000,16,14,8360,0,5
0.5,0.5,10000,16,15,8360,0,1
0.5,0.5,10000,16,16,8360,0,0
0.5,0.5,10000,16,17,8360,0,0
0.5,0.5,10000,16,18,8360,0,1
0.5,0.5,10000,16,19,8360,0,0
0.5,0.5,10000,16,20,8360,0,1
0.5,0.5,10000,16,21,8360,0,0
0.5,0.5,10000,16,22,8360,0,0
0.5,0.5,10000,16,23,8360,0,0
0.5,0.5,10000,16,24,8360,0,0
0.5,0.5,10000,16,25,8360,0,0
0.5,0.5,10000,16,26,8360,0,0
0.5,0.5,10000,16,27,8360,0,0
0.5,0.5,10000,16,28,8360,0,0
0.5,0.5,10000,16,29,8360,0,0
0.5,0.75,10000,16,1,266,261,5
0.5,0.75,10000,16,2,3830,3564,180
0.5,0.75,10000,16,3,7404,3574,2734
0.5,0.75,10000,16,4,7989,585,3334
0.5,0.75,10000,16,5,8091,102,1278
0.5,0.75,10000,16,6,8114,23,418
0.5,0.75,10000,16,7,8118,4,126
0.5,0.75,10000,16,8,8118,0,33
0.5,0.75,10000,16,9,8118,0,9
0.5,0.75,10000,16,10,8118,0,1
0.5,0.75,10000,16,11,8118,0,0
0.5,0.75,10000,16,12,8118,0,0
0.5,0.75,10000,16,13,8118,0,0
0.5,0.75,10000,16,14,8118,0,0
0.5,0.75,10000,16,15,8118,0,0
0.5,0.75,10000,16,16,8118,0,0
0.5,0.75,10000,16,17,8118,0,0
0.5,0.75,10000,16,18,8118,0,0
0.5,0.75,10000,16,19,8118,0,0
0.75,0.25,10000,16,1,112,107,2
0.75,0.25,10000,16,2,2897,2785,21
0.75,0.25,10000,16,3,7776,4879,708
0.75,0.25,10000,16,4,8631,855,1793
0.75,0.25,10000,16,5,8764,133,1550
0.75,0.25,10000,16,6,8788,24,1182
0.75,0.25,10000,16,7,8796,8,864
0.75,0.25,10000,16,8,8798,2,662
0.75,0.25,10000,16,9,8798,0,504
0.75,0.25,10000,16,10,8798,0,383
0.75,0.25,10000,16,11,8798,0,277
0.75,0.25,10000,16,12,8798,0,223
0.75,0.25,10000,16,13,8798,0,169
0.75,0.25,10000,16,14,8798,0,126
0.75,0.25,10000,16,15,8798,0,98
0.75,0.25,10000,16,16,8798,0,61
0.75,0.25,10000,16,17,8798,0,35
0.75,0.25,10000,16,18,8798,0,41
0.75,0.25,10000,16,19,8798,0,20
0.75,0.25,10000,16,20,8798,0,22
0.75,0.25,10000,16,21,8798,0,16
0.75,0.25,10000,16,22,8798,0,10
0.75,0.25,10000,16,23,8798,0,4
0.75,0.25,10000,16,24,8798,0,4
0.75,0.25,10000,16,25,8798,0,3
0.75,0.25,10000,16,26,8798,0,3
0.75,0.25,10000,16,27,8798,0,4
0.75,0.25,10000,16,28,8798,0,5
0.75,0.25,10000,16,29,8798,0,0
0.75,0.25,10000,16,30,8798,0,2
0.75,0.25,10000,16,31,8798,0,2
0.75,0.25,10000,16,32,8798,0,1
0.75,0.25,10000,16,33,8798,0,1
0.75,0.25,10000,16,34,8798,0,0
0.75,0.25,10000,16,35,8798,0,1
0.75,0.25,10000,16,36,8798,0,0
0.75,0.25,10000,16,37,8798,0,1
0.75,0.25,10000,16,38,8798,0,0
0.75,0.25,10000,16,39,8798,0,0
0.75,0.25,10000,16,40,8798,0,0
0.75,0.25,10000,16,41,8798,0,0
0.75,0.25,10000,16,42,8798,0,0
0.75,0.25,10000,16,43,8798,0,0
0.75,0.25,10000,16,44,8798,0,0
0.75,0.25,10000,16,45,8798,0,0
0.75,0.25,10000,16,46,8798,0,0
0.75,0.5,10000,16,1,661,656,4
0.75,0.5,10000,16,2,6222,5561,336
0.75,0.5,10000,16,3,8436,2214,2952
0.75,0.5,10000,16,4,8665,229,2595
0.75,0.5,10000,16,5,8694,29,1388
0.75,0.5,10000,16,6,8700,6,733
0.75,0.5,10000,16,7,8700,0,342
0.75,0.5,10000,16,8,8700,0,187
0.75,0.5,10000,16,9,8700,0,94
0.75,0.5,10000,16,10,8700,0,39
0.75,0.5,10000,16,11,8700,0,14
0.75,0.5,10000,16,12,8700,0,5
0.75,0.5,10000,16,13,8700,0,5
0.75,0.5,10000,16,14,8700,0,3
0.75,0.5,10000,16,15,8700,0,2
0.75,0.5,10000,16,16,8700,0,0
0.75,0.5,10000,16,17,8700,0,1
0.75,0.5,10000,16,18,8700,0,0
0.75,0.5,10000,16,19,8700,0,0
0.75,0.5,10000,16,20,8700,0,0
0.75,0.5,10000,16,21,8700,0,0
0.75,0.5,10000,16,22,8700,0,0
0.75,0.5,10000,16,23,8700,0,0
0.75,0.5,10000,16,24,8700,0,0
0.75,0.5,10000,16,25,8700,0,0
0.75,0.5,10000,16,26,8700,0,0
0.75,0.75,10000,16,1,43,38,3
0.75,0.75,10000,16,2,1767,1724,25
0.75,0.75,10000,16,3,7295,5528,1277
0.75,0.75,10000,16,4,8468,1173,4513
0.75,0.75,10000,16,5,8595,127,1971
0.75,0.75,10000,16,6,8606,11,598
0.75,0.75,10000,16,7,8610,4,152
0.75,0.75,10000,16,8,8610,0,53
0.75,0.75,10000,16,9,8610,0,16
0.75,0.75,10000,16,10,8610,0,2
0.75,0.75,10000,16,11,8610,0,0
0.75,0.75,10000,16,12,8610,0,0
0.75,0.75,10000,16,13,8610,0,0
0.75,0.75,10000,16,14,8610,0,0
0.75,0.75,10000,16,15,8610,0,0
0.75,0.75,10000,16,16,8610,0,0
0.75,0.75,10000,16,17,8610,0,0
0.75,0.75,10000,16,18,8610,0,0
0.75,0.75,10000,16,19,8610,0,0
